0,VYDSSEVKAQSSGVIP,262
1,GYIDCEQDSCDFKGWIPGNMID,190
2,YAIQEGFDATNSALVKI,205
3,TGFHTINHTFGNPV,474
4,INLCDDPEKAQ,474
5,MWLSYFIASFRL,151
6,DIGNPKGIPIVDDPVV,472
7,ESKVSGKGQQQQGQTVTKK,470
8,LIKSPLHSL,360
9,GDNSAKF,472
10,ITSTPIVVDCATYV,275
11,GCQLVLTVSLQ,458
12,LYNSTFFSTFKCY,122
13,QPLPNASFDNFKLTCSNTKF,472
14,WYIWLGFIAGLIAIV,130
15,LLAKKEL,86
16,DMYDPRTKHVTKENDSK,139
17,STKPVETSNSF,473
18,YAKDHNDMLYSPPTISYNSTLQSGLK,161
19,GFRDYIINRTFMIRSCY,189
20,VSLLRSTSQKSIVAYTMSLGADSSIAY,270
21,RDSTYGPLQTPV,233
22,QPRNVSYDSVS,210
23,RVVPSGDVVR,473
24,LEAQVQID,402
25,STFVGILPPTVR,474
26,PIAYLVFVTT,189
27,IYDGGCLN,108
28,YKTPPIKDFGGFNF,274
29,GPTTEVK,474
30,ELANYKQ,115
31,ARKSCSIDSDVDT,474
32,PDEIFRSDTLYLTQ,259
33,WILISTFLFSCIISAF,190
34,GSSAARLEPCNGTD,474
35,PSQVQKAKQ,474
36,VLFSTVVIKN,345
37,AKIQSVVNSNAQALNS,474
38,GAGSDKEVAPGSA,474
39,DSFSCNNFDESKIY,265
40,VTTAETTD,438
41,GLTNCLA,297
42,ISSNTDNET,474
43,SFAAIPFAQSIFYRLNGV,151
44,YYSLPAINVTIN,178
45,QITTDTGIE,474
46,VNSGSDMNCNIPTQCYYNNGSSGR,205
47,KTICFSTVEVP,474
48,IHSLRVCVDT,468
49,SMDNSPNLA,474
50,ELSTGCHTGTDFTG,472
51,KRISNCVAD,474
52,DDLNQLTGYKKPASR,258
53,ELRYNGAIRFDS,273
54,FKNIDGYFKIYSKHTPI,187
55,FYSANFLDDNVLPE,274
56,QFVKETTNMVK,472
57,IFSRVKNTKLYVN,278
58,KHANLYQ,115
59,YPFVSDSVAT,188
60,LPRWYFYYLGTGPHAKD,146
61,RGPPRAEL,474
62,DYSVLYNSTFFSTFKCYG,160
63,LELTDESCNNLV,474
64,IQTTPGSGVPVVDSYYSL,143
65,IFRSDTLYLTQDLF,252
66,TSYSVVVQP,161
67,KTVGELGDVRET,473
68,TLFLNGYYPTSGSTYR,193
69,AGQEQTNCNTSS,470
70,QNLVGYYSDDGNYYC,184
71,EGVFVSNGTHWFVTQR,190
72,YHPNTVDCQDDRC,277
73,KAPLVYLNHSVPKL,277
74,VNQQGNSLNHLT,470
75,VPAQEKNFT,467
76,SLILDYFSYPLSMKSD,144
77,KVGGNYNYLYRLFRKSN,170
78,TIYNREMKCYERVK,129
79,QNDVCSTEDF,473
80,APDGLLFLHTVLLPTDY,180
81,LPVSIVSLPVYHKHTFIVLYVDFKPQSGGGKCFNCYPAGVNITLANFNETKGPLCVDTSHFTTKYVAVYANVGR,274
82,EVSTDEVGD,473
83,NYKIDTTSSSCQLYYS,192
84,PDDQIGYYRRATRRVRG,186
85,AGGITYVSNSGNLLGFK,260
86,NSTVLSFCAFAVDAA,474
87,YNLNFEENLR,229
88,DAEEKLDNPSSSE,469
89,NLPGCDGGSL,473
90,YPQGRTYSN,190
91,IRKAKDYG,148
92,LDIIVKPVFFNAFVKCN,474
93,YATHSDKFTDGVCL,279
94,IGSNNVCT,472
95,TAVKSGT,471
96,CSHAAVDSLC,379
97,FWRDGSCSCVGS,156
98,SLWVYKQ,123
99,TGPHKDAK,471
100,PTVSYGSTLQ,186
101,GNYYRITSRIMF,132
102,TFYPKLQ,111
103,ENQKLIANQFNSAIG,473
104,NSNNLDSKVGGN,474
105,RKIKKYPCMVGPDYAYF,173
106,TFYPKLQSSQAW,145
107,FPGQKYSSDC,194
108,DAITQTSQA,474
109,IFAKVKNTKVIK,469
110,GAISSSL,130
111,FLLTNTSSVVDGVV,470
112,EKHCYDLLRDCDAVAPHDF,130
113,PTTIAKN,473
114,GDPQQLPAP,440
115,KIQSVVNSNAQAL,474
116,VYKSLTIVDIP,192
117,TNFTIVGQEEFIQTNS,474
118,NWCCLKCG,137
119,KSVCTVIDIL,400
120,SSFELPQ,458
121,ATLYYQN,184
122,GCCDDYTGYQE,189
123,SDGVDSFEG,474
124,IKPEATINQDSYGGAS,274
125,SDLVQNG,451
126,DQLSDPNY,147
130,AFGDYTS,132
131,VKCYFNYSCVFSVVNA,122
132,AYANRNRFLYIIKLIF,173
133,VVSDGVDS,161
134,LWNYGKPINLPTGCM,160
135,IGKYYKTNT,190
136,YFTSDYYQLYSTQLSTDTG,194
137,ISEYVVDVSYGLGTY,190
138,EVTGDSCNNYMLT,273
139,SRLWFKPPFLSDFINGI,190
140,SSLILDYFSYPLSMK,115
141,NSSSGVLDTTIPF,474
142,HRNSLDP,474
143,SYVAYTMSLGADSSIAYSNNTIAIPTNFSIS,188
144,NDLNEFVS,474
145,TFMYTYNITEDEIL,116
146,GVHAGTDLEGN,472
147,WVNPGFL,132
148,AELVPSTAAMLFDSH,474
149,RIEPCSSGLST,473
150,QEKNFTTAPAICHDGKAHFPREGVFVSNGTHWFVTQRNFYEPQIITTDNTFVSGNCDVVIGIVNNTVYDPLQPELD,278
151,HNTCCNLSH,434
152,LHTINATFLDLYYEMNLI,186
153,LPNGVTVVEEPDSR,474
154,GNCDVVIGIINNTVY,275
155,TKENDSKEG,469
156,LALCVFFILCCT,436
157,SHSVVYSRYCFSV,132
158,GFTPLNKQSC,438
159,AITTGYRFTNFEPFTV,191
160,DSYKPGN,130
161,DKWLNNFNVPSPL,184
162,HNFGSAGVVANGVKA,474
163,YYSGNANEAD,190
164,RSVCNTGRCTVNKHV,474
165,YLTQDLFLPFYSNV,116
166,LNGNTSVCVRTSHFS,472
167,ESYVDVGPDSVK,218
168,ITTIQGPPGSGKSH,474
169,KKVNNEFIDPTE,474
170,GSRGGSQASSRSSSRSRNSSRNSTPGSSRGTSP,469
171,LKGSGSDF,471
172,PFLSDFNNGIFSRV,474
173,HSKVKVVP,469
174,SAIVTQF,367
175,SIPFSLAIQARLNYV,261
176,RKAWAAFYVYKLQ,142
177,KEIKESVQT,474
178,SNSNFRHSDSIVKP,474
179,SYKGIKVLPPLLSENQISG,142
180,CVADYSVLYNSTFFSTFK,186
181,LYLTQDLFLPFYSNV,130
182,ANKIVGGAPT,474
183,LKESQINE,474
184,ADYNYKLPDD,194
185,GFKPNNTSA,466
189,NNAATVLQLPQG,474
190,WSYDTCVSNNRCNIF,167
191,NFQKFKTICFSTVEVPGS,473
192,VQQDGRIPNGF,472
193,RFVALVLAK,361
194,ISNEKQEI,466
195,NSWQNLLYDSNGNII,162
196,RYNLNFSANSLDNL,275
197,AIQEGFDATNSALV,474
198,VYFLRYSGAIKLDPKNPN,183
199,STFVGILPPT,472
200,AYQNLVGYYSDDGNYYCL,184
201,VDSSQGSEYDY,189
202,FYSANFLDDNVLPETY,147
203,VVSKSKELL,293
204,DTAKKSMYDGDRF,279
205,AVYRINWITGGIAI,151
206,TYHTPATDCSDGNYNRNA,168
207,RIKAKHY,125
208,NSLMNGVTLSTKLKDGVNFNVDDINFSPVLGCLGSECSKASSR,472
209,SRFNPSTWNKR,163
210,NENQAVT,471
211,LDNQDLYG,138
212,YFTQSRDLEDFKPRSQM,131
213,VSMPGSHSL,446
214,GVYYPDEIFRSDTLYLTQ,146
215,KDFVTNKTYNIF,278
216,QNSRTPKY,164
217,SAETVRVEEEEEEDWLDDTTEQSEIEPEPEPTPEEPVNQFTGYLKLTD,199
218,NIDATSTGNYN,199
219,VYHENEEYQK,186
220,VRTSHFSIRYIYNRVK,175
221,RINWITGGIAIAM,167
222,IFLWLLWPVTLA,124
223,QYDSSIH,108
224,SGSIRFDSTLPGFE,474
225,VPRISEYVVDVSYGL,111
226,GSLSQNHHT,474
227,RPRNSSDNGI,474
228,LQNLLQLPNFYYV,118
229,ASATDFWTVAFATFVD,187
230,NCNFNLSTLLRLVHTDSF,474
231,FVSADGELPVAISGDKVFVRDGNTDNLVFVNKTSLPTN,472
232,RNFDEQNCDVL,474
233,VDNVYVTYA,190
234,LVSGTATA,421
235,TSKDTLDDILQQANKS,474
236,SGSLGDSGKLLSELLKEKY,145
237,LHPDSATL,468
238,NFEDWHYA,133
239,DIMKAVAAALKSLGFD,474
240,FLDGLDLTPVIDDV,474
241,SGFLQSSNYKIDTTSSSC,164
242,KPLADDDSA,474
243,VLYSDNGV,106
244,DYCIPYN,184
245,DQLTPTWRVY,140
246,GTTPQKLFVANYSQDVKQ,145
247,CRFVSLDLQDCIVGI,474
248,ANSLDNLKSG,473
249,ISEYVVDVSYGL,187
250,DLPSGFNTLKPIFKL,474
251,SSKVVLSD,447
252,ALNVFVSHT,466
253,DYIINRTFMIRS,280
254,KVKNTKVIKDRVMYSE,161
255,EFTDENYNN,196
256,KLTVGDIFVLTSHSVATL,473
257,SQLPLDV,152
258,KCKSKNPL,474
259,ISRVELHTVIPDYVDVN,154
260,VYNNSGSNITQ,196
261,LGTYYILDRVYLN,190
262,KPSFASSCKSHKPPSASCPIGTNYRSC,8
263,RNFTYDVNADYL,137
264,DVYTKGKLQRLSKEH,219
265,FHANSSE,467
266,FVLALLSDL,102
267,IVDEPEEHVQ,474
268,LNSSYFKLSIPTNF,274
269,NGNLYGFRDYIIN,130
270,FVAQQLVRSESAALSAQL,474
271,RVKNTKLYVNKTLYSE,162
272,AEELASPMKSDEGGLCPSTGQAM,472
273,PSFYMPLLVSSDKAP,268
274,MYKEARAVNRKSK,279
275,NYVFNNSLTRQLQPIN,168
276,AGSTPCNGVEGFNCYFPLQSYGFQPTNGVGYQP,196
277,SNGTYNCTDAVL,213
278,VITSGDGTTSPISEHDYQIGGYTEKWESGVKD,193
279,AWAAFYVYKLQPLT,143
280,NATFLDLYYEMNLIQE,167
281,ASFNKAINNIVA,474
282,HFSIRYIYNRVKSGSPGD,186
283,DEIFRSDTLYLT,275
284,ATSDWTDVRD,147
285,AELVPSTAAMLFDSHI,474
286,PDGLLFLHTVLLPTDY,210
287,FASTNIIRGWI,154
288,PSSIKEMQSQSSHVAQ,473
289,DEPYTEDTSEI,217
290,FNAEGDASWS,143
291,CNIFSNFILNGINSGTTC,475
292,DHNFGSAGVVANG,474
293,MSCDCGKKFDDQVG,463
294,KTVYSDVENP,196
295,YYCLRACVSVPVSVIY,194
296,SRRKRRSISASYRFV,180
297,IQNGFSATNSALAKIQSV,474
298,DSKTQSLLIVNNATNV,474
299,GMPTTFLFSLYLGTL,271
300,LQNSRTPKY,190
301,ETNILLNVPLHGT,474
302,EHPDVDGL,463
303,WNCNVDKYPSNSI,151
304,QPTDNST,468
305,RNPNNNAATVLQLPQGT,474
306,TYVSNSGNLLGFK,263
307,NVLYENQKQI,208
308,KVDTSNPKTPK,467
309,IKNVNSV,320
310,NESYNNYVPSYVKPDSVSTSDLGSLID,164
311,DNSIQGSYER,199
312,GERVRQSLLKT,474
313,WAAFYVYKLQPLTFLLDF,171
314,YLSSCCGTPAK,181
315,ASPNECNQMC,279
316,VFAQVKQI,295
317,STIVIGSV,91
318,HVSTFVGILPPTVREI,474
319,GTRPEKF,466
320,EGNYYRITSRIMFEPR,175
321,VSSIKGDKGV,441
322,DLGDELGTDPIEDYEQNWNTKHGSGAL,187
323,GVRRKNSEPE,458
324,DHNFGSAGVVANGVKA,474
325,VMRYNLNFSANS,261
326,AIDVLKKLLSSLTLTVKFVVES,474
327,NAAIVLQLPQGTTLP,474
328,VINGCKDT,319
329,PFGEVFNATKFPSVYAW,182
330,RGRKTQPK,469
331,DTIQADQQVDRL,472
332,KDVVVESS,467
333,VFDNFNQ,448
334,RSESAALSAQLAKDK,474
335,RVKCSTI,467
336,ENYIKWPWWVWLII,98
337,LTNAKPPKYS,196
338,TNVNASSSEGF,474
339,FVDVLVNVSATNIQ,474
340,RLDTIQADQQVDRL,472
341,TNYKLQSQIVTGLFKDCSRETSGLSP,6
342,APPAQYEL,118
343,SIPFSLAIQARLN,474
344,LSFNNFF,472
345,YKQSCTGSPYIDDFNK,134
346,DDVRQIAPGQTGVI,474
347,RLDSIQADQQVDRLIT,474
348,NLFASVKSSQSS,472
349,SFEAKPSGSVVEQAEG,474
350,PQFAELVPSTAAMLFDSH,474
351,AISSNTDNE,474
352,EVTPSGTWLTYHGAIKL,175
353,TAASHAAV,470
354,VKIQAVVNANAEALN,468
355,NSNQNTD,461
356,VTRDKLEKLISTARDGVRRGDN,473
357,NIFANFILHDVNSGLT,474
358,LTFLLDFSVDGYIR,270
359,NGNPRCKNLLKQYTSACKTIED,56
360,GTFCDNINS,472
361,GSEKGVAPGSA,474
362,QKDGVENTPPH,472
363,VGILCIM,1
364,GFRDYIINRTFMIRSCYS,196
365,FHQNASSLALLYRNL,241
366,HKRTSTKSFNMVQAFGL,473
367,SEDGNIKN,464
368,DSIESVGG,212
369,QLVRSESAALSAQLA,474
370,PKPQRQRGHKNGQGEND,469
371,AINDKNTTVPRISEYVVDVSYGL,216
372,FFNHTLVLLPDGCG,474
373,IKWPWWVWLIISVV,98
374,VYYRATTTYKLSV,190
375,KVEFENG,471
376,AYSSPLQSYACWTHSCGYDYVYN,145
377,LSQNQKL,462
378,QQRFVYDAYQNLVGYY,191
379,GQGVPLN,439
380,GHFDGQQGEV,473
381,PFLSDFINGIFAKVKNT,473
382,GNCDVVIGIVNNTVY,276
383,CYVNLPTYYIYDEEGGNDLS,195
384,VRLQAGTATEYASNSS,268
385,IQQTFFDKTWPRPIDVSKADG,187
386,YLVQQES,110
387,KIMKDDGNC,472
388,DDKYKVNEN,196
389,GMPTTFLFSLYLGTLL,229
390,KGEGDGGITSEGNALYNNEGG,142
391,YKQSFSNPT,183
392,IPFAQSIFYRLNG,279
393,TFMYTYNITEDEILE,142
394,YDFTEHK,133
395,WVWLIISVVFVVLLSL,137
396,HNFGSAGVVANGVKAK,474
397,SFRLFARTRSMWSF,187
398,TYVSNSGNLLGF,215
399,IFAKVKNTKVIKDRVM,473
400,LTFLLDFSVDGY,255
401,FNYRIDTTATSC,257
402,LPDTPSTLTPRSVRSVPGEMRLASIAFNHPIQVDQLNSSY,1
403,CPIVVAV,8
404,ESDDYIATNGPLKVGGSCVLSGHNLA,13
405,NGAIRFDSTLSGFETIM,474
406,IIRSSNQSLAG,469
407,DQLNSSY,118
408,SSMRGVYYPDEIFRSDT,172
409,VVCHSQTSLRC,383
410,YSSNEEQA,126
411,KDTEKYC,116
412,KHLNNYDCCL,197
413,KRGPSQNF,460
414,MHVGYYPSNHIEVVS,114
415,WGQDYHPD,131
416,QKVEQPKIEPKP,474
417,QTVDSSQGSE,469
418,VDRDPSSDEAI,470
419,QKPFLSDFNNGIFSRV,474
420,FNKYKYFS,188
421,YYVKWPWYVWLLIC,102
422,VDGVNFTNR,424
423,FGSPFITNGM,474
424,PVYFLRYSGAIKLDPK,138
425,IPFGPSSQPYYCFI,121
426,VDSSQGSEYD,179
427,VYLNTTLFLNGY,156
428,FLGWSYDTCVSNNR,158
429,LVKIQAVVNANAEAL,471
430,SLNGNTSVCVRTSH,472
431,PSDSCNNVNVRDLQ,474
432,QRITTIQGPPGSGKSHC,473
433,PFMDNAINVGGTGL,474
434,TINDDEDVVTGDNDDEDVVTGDNDDEDVVTGDNDDEDVVTGDNDDEDVVTGDNDDEDVVTGDNDDEDVVTGDNDDEDVVTGDNDDEDVVTGDNDDEDVVTGDNDDEDVVTGDNDDEDVVTGDNDDEDVVTGDNDDEDVVTGDNNDE,469
435,VEYLQITSTPIVVDCSTY,173
