peptide,mol_weight,isoelectric_point,aromaticity,instability_index,helix_2_struc,turn_2_struc,sheet_2_struc,reduces_cys,disulfide_bridge,hydropathicity,charge_at_pH7,antigenicity_score,antigen_prediction,(-)_charged_residues (asp+glu),(+)_charged_residues (arg+lys),"half_life_hours (mammalian reticulocytes, in vitro)",aliphatic_index,tiny_aa_percentage,small_aa_percentage,aliphatic_aa_percentage,aromatic_aa_percentage,non_polar_aa_percentage,polar_aa_percentage,charged_aa_percentage,basic_aa_percentage,acidic_aa_percentage
LTYTGAIKL,LTYTGAIKL,979.171,8.591,0.111,-38.278,0.444,0.111,0.333,1490,1490,0.767,0.758,0.6524,Probable Antigen,LTYTGAIKL,0,1,5.5,141.11,LTYTGAIKL,44.444,44.444,44.444,11.111,66.667,33.333,11.111,11.111,0.0
VRATATIPI,VRATATIPI,941.126,9.72,0.0,5.689,0.333,0.111,0.222,0,0,1.033,0.734,0.7515,Probable Antigen,VRATATIPI,0,1,100,141.11,VRATATIPI,44.444,66.667,55.556,0.0,66.667,33.333,11.111,11.111,0.0
LLTDEMIAQY,LLTDEMIAQY,1196.37,4.05,0.1,1.46,0.4,0.0,0.5,1490,1490,0.33,-2.237,-0.1976,Probable Non-Antigen,LLTDEMIAQY,2,0,5.5,127.0,LLTDEMIAQY,20.0,30.0,40.0,10.0,60.0,40.0,20.0,0.0,20.0
FVSNGTHWF,FVSNGTHWF,1094.178,6.741,0.333,-20.444,0.444,0.333,0.0,5500,5500,0.033,-0.153,0.0807,Probable Non-Antigen,FVSNGTHWF,0,0,1.1,32.22,FVSNGTHWF,33.333,55.556,11.111,44.444,55.556,44.444,11.111,11.111,0.0
YYRRATRRI,YYRRATRRI,1254.444,11.554,0.222,131.1,0.333,0.0,0.111,2980,2980,-1.667,3.758,-0.6565,Probable Non-Antigen,YYRRATRRI,0,4,2.8,54.44,YYRRATRRI,22.222,22.222,22.222,22.222,44.444,55.556,44.444,44.444,0.0
IAQFAPSASAF,IAQFAPSASAF,1109.231,5.525,0.182,37.255,0.273,0.273,0.364,0,0,0.964,-0.24,0.1916,Probable Non-Antigen,IAQFAPSASAF,0,0,20,71.82,IAQFAPSASAF,54.545,63.636,45.455,18.182,72.727,27.273,0.0,0.0,0.0
YVGYLQPRTF,YVGYLQPRTF,1243.409,8.59,0.3,48.68,0.5,0.2,0.1,2980,2980,-0.25,0.758,1.0511,Probable Antigen,YVGYLQPRTF,0,1,2.8,68.0,YVGYLQPRTF,20.0,40.0,20.0,30.0,70.0,30.0,10.0,10.0,0.0
SALEPLVDL,SALEPLVDL,956.091,4.05,0.0,13.589,0.444,0.222,0.556,0,0,0.889,-2.536,0.1494,Probable Non-Antigen,SALEPLVDL,2,0,1.9,173.33,SALEPLVDL,22.222,55.556,55.556,0.0,66.667,33.333,22.222,0.0,22.222
AYANRNRF,AYANRNRF,1011.095,10.835,0.25,53.775,0.25,0.25,0.25,1490,1490,-1.362,1.795,0.2269,Probable Non-Antigen,AYANRNRF,0,2,4.4,25.0,AYANRNRF,25.0,50.0,25.0,25.0,50.0,50.0,25.0,25.0,0.0
YFPLQSYGF,YFPLQSYGF,1121.24,5.524,0.444,105.9,0.556,0.333,0.111,2980,2980,0.056,-0.242,0.5107,Probable Antigen,YFPLQSYGF,0,0,2.8,43.33,YFPLQSYGF,22.222,33.333,11.111,44.444,77.778,22.222,0.0,0.0,0.0
STPCNGVEGF,STPCNGVEGF,1010.079,4.05,0.1,-13.57,0.2,0.5,0.1,0,0,-0.14,-1.547,-0.2614,Probable Non-Antigen,STPCNGVEGF,1,0,1.9,29.0,STPCNGVEGF,50.0,80.0,10.0,10.0,60.0,40.0,10.0,0.0,10.0
DPLSETKCTL,DPLSETKCTL,1106.247,4.37,0.0,60.86,0.2,0.2,0.3,0,0,-0.46,-1.247,0.8521,Probable Antigen,DPLSETKCTL,2,1,1.1,78.0,DPLSETKCTL,40.0,60.0,20.0,0.0,40.0,60.0,30.0,10.0,20.0
LEILDITPCSF,LEILDITPCSF,1250.46,4.05,0.091,37.255,0.455,0.182,0.273,0,0,1.073,-2.246,1.5327,Probable Antigen,LEILDITPCSF,2,0,5.5,141.82,LEILDITPCSF,27.273,45.455,36.364,9.091,63.636,36.364,18.182,0.0,18.182
SYYKLGASQRV,SYYKLGASQRV,1271.421,9.697,0.182,22.382,0.364,0.273,0.182,2980,2980,-0.609,1.457,0.5138,Probable Antigen,SYYKLGASQRV,0,2,1.9,70.91,SYYKLGASQRV,36.364,45.455,27.273,18.182,54.545,45.455,18.182,18.182,0.0
YYPDKVFRS,YYPDKVFRS,1174.304,8.497,0.333,57.889,0.444,0.222,0.0,2980,2980,-1.1,0.758,-0.3237,Probable Non-Antigen,YYPDKVFRS,1,2,2.8,32.22,YYPDKVFRS,11.111,44.444,11.111,33.333,55.556,44.444,33.333,22.222,11.111
SASFSTFKCY,SASFSTFKCY,1140.265,7.919,0.3,6.31,0.3,0.3,0.1,1490,1490,0.16,0.448,0.3271,Probable Non-Antigen,SASFSTFKCY,0,1,1.9,10.0,SASFSTFKCY,60.0,60.0,10.0,30.0,50.0,50.0,10.0,10.0,0.0
VYSSANNCTF,VYSSANNCTF,1105.178,5.488,0.2,62.78,0.3,0.4,0.1,1490,1490,0.07,-0.277,-0.1475,Probable Non-Antigen,VYSSANNCTF,0,0,100,39.0,VYSSANNCTF,50.0,80.0,20.0,20.0,50.0,50.0,0.0,0.0,0.0
MTKTSVDCTMY,MTKTSVDCTMY,1279.503,5.585,0.091,43.973,0.182,0.091,0.182,1490,1490,-0.1,-0.51,1.1467,Probable Antigen,MTKTSVDCTMY,1,1,30,26.36,MTKTSVDCTMY,45.455,63.636,9.091,9.091,45.455,54.545,18.182,9.091,9.091
FAPSASAFF,FAPSASAFF,944.04,5.525,0.333,51.689,0.333,0.333,0.333,0,0,1.178,-0.24,0.2642,Probable Non-Antigen,FAPSASAFF,0,0,1.1,33.33,FAPSASAFF,55.556,66.667,33.333,33.333,77.778,22.222,0.0,0.0,0.0
QSAPHGVVFL,QSAPHGVVFL,1054.199,6.741,0.1,61.83,0.4,0.3,0.2,0,0,0.73,-0.153,0.2898,Probable Non-Antigen,QSAPHGVVFL,0,0,0.8,107.0,QSAPHGVVFL,30.0,60.0,40.0,20.0,70.0,30.0,10.0,10.0,0.0
FPQSAPHGV,FPQSAPHGV,939.025,6.741,0.111,110.389,0.222,0.444,0.111,0,0,-0.256,-0.153,-0.0058,Probable Non-Antigen,FPQSAPHGV,0,0,1.1,43.33,FPQSAPHGV,33.333,66.667,22.222,22.222,66.667,33.333,11.111,11.111,0.0
YVSQPFLM,YVSQPFLM,984.169,5.524,0.25,80.975,0.5,0.25,0.25,1490,1490,0.688,-0.241,0.0951,Probable Non-Antigen,YVSQPFLM,0,0,2.8,85.0,YVSQPFLM,12.5,37.5,25.0,25.0,75.0,25.0,0.0,0.0,0.0
IAIPTNFTI,IAIPTNFTI,989.165,5.525,0.111,-27.711,0.444,0.222,0.111,0,0,1.289,-0.24,0.7052,Probable Antigen,IAIPTNFTI,0,0,20,141.11,IAIPTNFTI,33.333,55.556,44.444,11.111,66.667,33.333,0.0,0.0,0.0
LEAPFLYLYAL,LEAPFLYLYAL,1312.551,4.05,0.273,65.636,0.636,0.091,0.636,2980,2980,1.264,-1.239,0.2715,Probable Non-Antigen,LEAPFLYLYAL,1,0,5.5,160.0,LEAPFLYLYAL,18.182,27.273,54.545,27.273,90.909,9.091,9.091,0.0,9.091
WTAGAAAYY,WTAGAAAYY,973.038,5.524,0.333,-3.533,0.333,0.111,0.444,8480,8480,0.289,-0.242,0.6306,Probable Antigen,WTAGAAAYY,0,0,2.8,44.44,WTAGAAAYY,66.667,66.667,44.444,33.333,88.889,11.111,0.0,0.0,0.0
DSTECSNLLLQY,DSTECSNLLLQY,1385.496,4.05,0.083,98.767,0.333,0.25,0.333,1490,1490,-0.308,-2.247,0.4647,Probable Non-Antigen,DSTECSNLLLQY,2,0,1.1,97.5,DSTECSNLLLQY,33.333,50.0,25.0,8.333,41.667,58.333,16.667,0.0,16.667
FKEELDKYF,FKEELDKYF,1218.354,4.679,0.333,18.978,0.444,0.0,0.333,1490,1490,-1.133,-1.236,-1.5561,Probable Non-Antigen,FKEELDKYF,3,2,1.1,43.33,FKEELDKYF,0.0,11.111,11.111,33.333,44.444,55.556,55.556,22.222,33.333
CFTNVYADSF,CFTNVYADSF,1166.259,4.05,0.3,20.88,0.4,0.2,0.1,1490,1490,0.43,-1.25,-0.1717,Probable Non-Antigen,CFTNVYADSF,1,0,1.2,39.0,CFTNVYADSF,40.0,70.0,20.0,30.0,60.0,40.0,10.0,0.0,10.0
GAALQIPFAMQMAY,GAALQIPFAMQMAY,1511.806,5.524,0.143,41.636,0.286,0.143,0.5,1490,1490,0.843,-0.241,0.7983,Probable Antigen,GAALQIPFAMQMAY,0,0,30,84.29,GAALQIPFAMQMAY,35.714,42.857,42.857,14.286,85.714,14.286,0.0,0.0,0.0
KPRQKRTAT,KPRQKRTAT,1085.261,12.0,0.0,49.756,0.0,0.111,0.111,0,0,-2.389,3.758,0.2029,Probable Non-Antigen,KPRQKRTAT,0,4,1.3,11.11,KPRQKRTAT,33.333,44.444,11.111,0.0,22.222,77.778,44.444,44.444,0.0
FTSDYYQL,FTSDYYQL,1036.091,4.05,0.375,24.175,0.5,0.125,0.125,2980,2980,-0.563,-1.241,-0.0211,Probable Non-Antigen,FTSDYYQL,1,0,1.1,48.75,FTSDYYQL,25.0,37.5,12.5,37.5,50.0,50.0,12.5,0.0,12.5
KMKDLSPRWYFY,KMKDLSPRWYFY,1633.909,9.526,0.333,141.567,0.417,0.167,0.167,8480,8480,-1.1,1.757,1.4344,Probable Antigen,KMKDLSPRWYFY,1,3,1.3,32.5,KMKDLSPRWYFY,8.333,25.0,8.333,33.333,58.333,41.667,33.333,25.0,8.333
QKKQQTVTL,QKKQQTVTL,1073.244,10.003,0.0,47.122,0.222,0.0,0.111,0,0,-1.3,1.758,0.9285,Probable Antigen,QKKQQTVTL,0,2,0.8,75.56,QKKQQTVTL,22.222,33.333,22.222,0.0,22.222,77.778,22.222,22.222,0.0
STEKSNIIRGW,STEKSNIIRGW,1290.425,8.464,0.091,70.045,0.273,0.364,0.091,5500,5500,-0.909,0.462,-0.65,Probable Non-Antigen,STEKSNIIRGW,1,2,1.9,70.91,STEKSNIIRGW,36.364,45.455,18.182,9.091,36.364,63.636,27.273,18.182,9.091
YGFQPTNGV,YGFQPTNGV,982.047,5.524,0.222,-12.544,0.333,0.444,0.0,1490,1490,-0.489,-0.241,1.0509,Probable Antigen,YGFQPTNGV,0,0,2.8,32.22,YGFQPTNGV,33.333,66.667,11.111,22.222,66.667,33.333,0.0,0.0,0.0
NPLLYDANY,NPLLYDANY,1082.163,4.05,0.222,32.0,0.444,0.333,0.333,2980,2980,-0.589,-1.241,0.6127,Probable Antigen,NPLLYDANY,1,0,1.4,97.78,NPLLYDANY,11.111,55.556,33.333,22.222,66.667,33.333,11.111,0.0,11.111
YTNSFTRGV,YTNSFTRGV,1044.118,8.748,0.222,-26.678,0.333,0.333,0.0,1490,1490,-0.544,0.759,-0.6177,Probable Non-Antigen,YTNSFTRGV,0,1,2.8,32.22,YTNSFTRGV,44.444,66.667,11.111,22.222,44.444,55.556,11.111,11.111,0.0
GAAAYYVGY,GAAAYYVGY,934.002,5.523,0.333,-5.7,0.444,0.222,0.333,4470,4470,0.544,-0.243,0.6604,Probable Antigen,GAAAYYVGY,0,0,30,65.56,GAAAYYVGY,55.556,66.667,44.444,33.333,100.0,0.0,0.0,0.0,0.0
YPDKVFRSSVL,YPDKVFRSSVL,1310.497,8.59,0.182,55.473,0.455,0.273,0.091,1490,1490,-0.127,0.759,-0.2341,Probable Non-Antigen,YPDKVFRSSVL,1,2,2.8,88.18,YPDKVFRSSVL,18.182,54.545,27.273,18.182,54.545,45.455,27.273,18.182,9.091
YYVGYLQPRTF,YYVGYLQPRTF,1406.583,8.497,0.364,56.382,0.545,0.182,0.091,4470,4470,-0.345,0.757,0.8985,Probable Antigen,YYVGYLQPRTF,0,1,2.8,61.82,YYVGYLQPRTF,18.182,36.364,18.182,36.364,72.727,27.273,9.091,9.091,0.0
SNFGAISSV,SNFGAISSV,880.941,5.24,0.111,4.156,0.333,0.556,0.111,0,0,0.778,-0.54,1.1296,Probable Antigen,SNFGAISSV,0,0,1.9,86.67,SNFGAISSV,55.556,77.778,33.333,11.111,55.556,44.444,0.0,0.0,0.0
QRNAPRITF,QRNAPRITF,1102.247,12.0,0.111,49.333,0.222,0.222,0.111,0,0,-1.022,1.76,0.4654,Probable Non-Antigen,QRNAPRITF,0,2,0.8,54.44,QRNAPRITF,22.222,44.444,22.222,11.111,44.444,55.556,22.222,22.222,0.0
VTTEILPVSMTK,VTTEILPVSMTK,1318.579,5.972,0.0,79.942,0.333,0.167,0.25,0,0,0.558,-0.264,1.2149,Probable Antigen,VTTEILPVSMTK,1,1,100,113.33,VTTEILPVSMTK,33.333,58.333,33.333,0.0,50.0,50.0,16.667,8.333,8.333
ASAFFGMSR,ASAFFGMSR,973.106,9.795,0.222,79.111,0.222,0.333,0.333,0,0,0.511,0.796,0.3153,Probable Non-Antigen,ASAFFGMSR,0,1,4.4,22.22,ASAFFGMSR,55.556,55.556,22.222,22.222,66.667,33.333,11.111,11.111,0.0
IAQFAPSASAF,IAQFAPSASAF,1109.231,5.525,0.182,37.255,0.273,0.273,0.364,0,0,0.964,-0.24,0.1916,Probable Non-Antigen,IAQFAPSASAF,0,0,20,71.82,IAQFAPSASAF,54.545,63.636,45.455,18.182,72.727,27.273,0.0,0.0,0.0
QLALSKGVHF,QLALSKGVHF,1099.283,8.757,0.1,-9.86,0.4,0.2,0.3,0,0,0.46,0.846,0.7522,Probable Antigen,QLALSKGVHF,0,1,0.8,117.0,QLALSKGVHF,30.0,40.0,40.0,20.0,60.0,40.0,20.0,20.0,0.0
LTYTGAIKLDDK,LTYTGAIKLDDK,1337.518,5.959,0.083,-33.283,0.333,0.083,0.25,1490,1490,-0.333,-0.241,1.3268,Probable Antigen,LTYTGAIKLDDK,2,2,5.5,105.83,LTYTGAIKLDDK,33.333,50.0,33.333,8.333,50.0,50.0,33.333,16.667,16.667
ISSVLNDIL,ISSVLNDIL,973.121,4.05,0.0,51.689,0.556,0.333,0.222,0,0,1.356,-1.239,-0.3334,Probable Non-Antigen,ISSVLNDIL,1,0,20,205.56,ISSVLNDIL,22.222,55.556,55.556,0.0,55.556,44.444,11.111,0.0,11.111
KCYGVSPTK,KCYGVSPTK,982.155,9.197,0.111,48.278,0.222,0.333,0.0,1490,1490,-0.656,1.747,1.4199,Probable Antigen,KCYGVSPTK,0,2,1.3,32.22,KCYGVSPTK,44.444,66.667,11.111,11.111,55.556,44.444,22.222,22.222,0.0
TSRTLSYY,TSRTLSYY,990.067,8.255,0.25,48.25,0.375,0.25,0.125,2980,2980,-0.787,0.396,0.7082,Probable Antigen,TSRTLSYY,0,1,7.2,48.75,TSRTLSYY,50.0,50.0,12.5,25.0,37.5,62.5,12.5,12.5,0.0
KHIDAYKTF,KHIDAYKTF,1122.273,8.505,0.222,71.422,0.333,0.0,0.111,1490,1490,-0.822,0.845,-0.3081,Probable Non-Antigen,KHIDAYKTF,1,2,1.3,54.44,KHIDAYKTF,22.222,33.333,22.222,33.333,44.444,55.556,44.444,33.333,11.111
KIYSKHTPINL,KIYSKHTPINL,1313.544,9.703,0.091,-5.482,0.364,0.273,0.091,1490,1490,-0.555,1.844,0.9674,Probable Antigen,KIYSKHTPINL,0,2,1.3,106.36,KIYSKHTPINL,18.182,36.364,27.273,18.182,45.455,54.545,27.273,27.273,0.0
QKKQQTVTL,QKKQQTVTL,1073.244,10.003,0.0,47.122,0.222,0.0,0.111,0,0,-1.3,1.758,0.9285,Probable Antigen,QKKQQTVTL,0,2,0.8,75.56,QKKQQTVTL,22.222,33.333,22.222,0.0,22.222,77.778,22.222,22.222,0.0
FGAGAALQI,FGAGAALQI,846.97,5.525,0.111,26.244,0.333,0.222,0.444,0,0,1.356,-0.24,0.6377,Probable Antigen,FGAGAALQI,0,0,1.1,120.0,FGAGAALQI,55.556,55.556,55.556,11.111,88.889,11.111,0.0,0.0,0.0
LQIPFAMQMAY,LQIPFAMQMAY,1312.599,5.524,0.182,57.982,0.364,0.091,0.455,1490,1490,0.782,-0.241,1.0701,Probable Antigen,LQIPFAMQMAY,0,0,5.5,89.09,LQIPFAMQMAY,18.182,27.273,36.364,18.182,81.818,18.182,0.0,0.0,0.0
LSYFIASFR,LSYFIASFR,1103.27,8.748,0.333,8.889,0.556,0.222,0.222,1490,1490,0.922,0.759,0.3283,Probable Non-Antigen,LSYFIASFR,0,1,5.5,97.78,LSYFIASFR,33.333,33.333,33.333,33.333,66.667,33.333,11.111,11.111,0.0
LIDLQELGKY,LIDLQELGKY,1191.373,4.37,0.1,52.37,0.5,0.1,0.4,1490,1490,-0.02,-1.238,0.7076,Probable Antigen,LIDLQELGKY,2,1,5.5,156.0,LIDLQELGKY,10.0,20.0,40.0,10.0,60.0,40.0,30.0,10.0,20.0
YPDKVFRSS,YPDKVFRSS,1098.208,8.59,0.222,65.578,0.333,0.333,0.0,1490,1490,-1.044,0.759,-0.2068,Probable Non-Antigen,YPDKVFRSS,1,2,2.8,32.22,YPDKVFRSS,22.222,55.556,11.111,22.222,44.444,55.556,33.333,22.222,11.111
HSYFTSDYY,HSYFTSDYY,1182.194,5.077,0.444,22.6,0.444,0.222,0.0,4470,4470,-1.122,-1.155,0.1808,Probable Non-Antigen,HSYFTSDYY,1,0,3.5,0.0,HSYFTSDYY,33.333,44.444,0.0,55.556,44.444,55.556,22.222,11.111,11.111
SYFIASFRLF,SYFIASFRLF,1250.443,8.463,0.4,9.0,0.6,0.2,0.2,1490,1490,1.11,0.459,-0.0998,Probable Non-Antigen,SYFIASFRLF,0,1,1.9,88.0,SYFIASFRLF,30.0,30.0,30.0,40.0,70.0,30.0,10.0,10.0,0.0
TTEILPVSMTK,TTEILPVSMTK,1219.448,5.664,0.0,94.018,0.273,0.182,0.273,0,0,0.227,-0.6,1.3503,Probable Antigen,TTEILPVSMTK,1,1,7.2,97.27,TTEILPVSMTK,36.364,54.545,27.273,0.0,45.455,54.545,18.182,9.091,9.091
SASKIITLKKR,SASKIITLKKR,1244.527,11.264,0.0,23.291,0.273,0.182,0.182,0,0,-0.355,3.457,0.7662,Probable Antigen,SASKIITLKKR,0,4,1.9,115.45,SASKIITLKKR,36.364,36.364,36.364,0.0,36.364,63.636,36.364,36.364,0.0
QEVFAQVKQI,QEVFAQVKQI,1189.361,6.001,0.1,41.48,0.4,0.0,0.2,0,0,-0.04,-0.238,0.1829,Probable Non-Antigen,QEVFAQVKQI,1,1,0.8,107.0,QEVFAQVKQI,10.0,30.0,40.0,10.0,50.0,50.0,20.0,10.0,10.0
HADQLTPTW,HADQLTPTW,1068.14,5.077,0.111,-17.244,0.222,0.111,0.222,5500,5500,-0.944,-1.152,0.3807,Probable Non-Antigen,HADQLTPTW,1,0,3.5,54.44,HADQLTPTW,33.333,55.556,22.222,22.222,44.444,55.556,22.222,11.111,11.111
YYKLGASQRV,YYKLGASQRV,1184.344,9.7,0.2,23.62,0.4,0.2,0.2,2980,2980,-0.59,1.757,0.6123,Probable Antigen,YYKLGASQRV,0,2,2.8,78.0,YYKLGASQRV,30.0,40.0,30.0,20.0,60.0,40.0,20.0,20.0,0.0
SASKIITL,SASKIITL,831.997,8.465,0.0,-1.863,0.375,0.25,0.25,0,0,1.05,0.459,-0.0692,Probable Non-Antigen,SASKIITL,0,1,1.9,158.75,SASKIITL,50.0,50.0,50.0,0.0,50.0,50.0,12.5,12.5,0.0
RFASVYAW,RFASVYAW,999.122,8.748,0.375,28.925,0.5,0.125,0.25,6990,6990,0.388,0.759,-0.1533,Probable Non-Antigen,RFASVYAW,0,1,1,61.25,RFASVYAW,37.5,50.0,37.5,37.5,75.0,25.0,12.5,12.5,0.0
SVVNIQKEI,SVVNIQKEI,1029.188,5.718,0.0,79.111,0.444,0.222,0.111,0,0,0.244,-0.538,0.7057,Probable Antigen,SVVNIQKEI,1,1,1.9,151.11,SVVNIQKEI,11.111,44.444,44.444,0.0,44.444,55.556,22.222,11.111,11.111
YSNNSIAI,YSNNSIAI,880.941,5.524,0.125,8.75,0.375,0.5,0.125,1490,1490,0.112,-0.241,0.942,Probable Antigen,YSNNSIAI,0,0,2.8,110.0,YSNNSIAI,37.5,62.5,37.5,12.5,50.0,50.0,0.0,0.0,0.0
FAPSASAFF,FAPSASAFF,944.04,5.525,0.333,51.689,0.333,0.333,0.333,0,0,1.178,-0.24,0.2642,Probable Non-Antigen,FAPSASAFF,0,0,1.1,33.33,FAPSASAFF,55.556,66.667,33.333,33.333,77.778,22.222,0.0,0.0,0.0
TSRTLSYY,TSRTLSYY,990.067,8.255,0.25,48.25,0.375,0.25,0.125,2980,2980,-0.787,0.396,0.7082,Probable Antigen,TSRTLSYY,0,1,7.2,48.75,TSRTLSYY,50.0,50.0,12.5,25.0,37.5,62.5,12.5,12.5,0.0
FTSDYYQL,FTSDYYQL,1036.091,4.05,0.375,24.175,0.5,0.125,0.125,2980,2980,-0.563,-1.241,-0.0211,Probable Non-Antigen,FTSDYYQL,1,0,1.1,48.75,FTSDYYQL,25.0,37.5,12.5,37.5,50.0,50.0,12.5,0.0,12.5
VQPTESIVRF,VQPTESIVRF,1175.334,5.972,0.1,58.29,0.4,0.2,0.1,0,0,0.11,-0.263,-0.0212,Probable Non-Antigen,VQPTESIVRF,1,1,100,97.0,VQPTESIVRF,20.0,50.0,30.0,10.0,50.0,50.0,20.0,10.0,10.0
VAGDSGFAAY,VAGDSGFAAY,956.994,4.05,0.2,28.26,0.3,0.3,0.3,1490,1490,0.6,-1.266,0.589,Probable Antigen,VAGDSGFAAY,1,0,100,59.0,VAGDSGFAAY,60.0,80.0,40.0,20.0,80.0,20.0,10.0,0.0,10.0
CYFPLQSYGF,CYFPLQSYGF,1224.383,5.517,0.4,96.31,0.5,0.3,0.1,2980,2980,0.3,-0.252,0.7776,Probable Antigen,CYFPLQSYGF,0,0,1.2,39.0,CYFPLQSYGF,30.0,40.0,10.0,40.0,80.0,20.0,0.0,0.0,0.0
FPQSAPHGVVFL,FPQSAPHGVVFL,1298.488,6.741,0.167,85.292,0.417,0.333,0.167,0,0,0.708,-0.153,0.011,Probable Non-Antigen,FPQSAPHGVVFL,0,0,1.1,89.17,FPQSAPHGVVFL,25.0,58.333,33.333,25.0,75.0,25.0,8.333,8.333,0.0
LEAPFLYLY,LEAPFLYLY,1128.315,4.05,0.333,51.689,0.667,0.111,0.556,2980,2980,0.922,-1.239,0.2503,Probable Non-Antigen,LEAPFLYLY,1,0,5.5,141.11,LEAPFLYLY,11.111,22.222,44.444,33.333,88.889,11.111,11.111,0.0,11.111
MEVTPSGTW,MEVTPSGTW,1007.118,4.05,0.111,-5.278,0.222,0.333,0.222,5500,5500,-0.278,-1.497,0.755,Probable Antigen,MEVTPSGTW,1,0,30,32.22,MEVTPSGTW,44.444,66.667,11.111,11.111,55.556,44.444,11.111,0.0,11.111
FGMSRIGM,FGMSRIGM,898.104,9.75,0.125,87.75,0.25,0.375,0.25,0,0,0.625,0.76,0.9518,Probable Antigen,FGMSRIGM,0,1,1.1,48.75,FGMSRIGM,37.5,37.5,12.5,12.5,75.0,25.0,12.5,12.5,0.0
PLLTDEMIAQY,PLLTDEMIAQY,1293.485,4.05,0.091,2.236,0.364,0.091,0.455,1490,1490,0.155,-2.039,0.0618,Probable Non-Antigen,PLLTDEMIAQY,2,0,>20,115.45,PLLTDEMIAQY,18.182,36.364,36.364,9.091,63.636,36.364,18.182,0.0,18.182
MIAQYTSAL,MIAQYTSAL,997.166,5.275,0.111,-8.922,0.333,0.111,0.444,1490,1490,0.833,-0.501,0.1114,Probable Non-Antigen,MIAQYTSAL,0,0,30,108.89,MIAQYTSAL,44.444,44.444,44.444,11.111,66.667,33.333,0.0,0.0,0.0
FVFKNIDGY,FVFKNIDGY,1102.238,5.835,0.333,31.578,0.556,0.222,0.0,1490,1490,0.189,-0.241,-0.1304,Probable Non-Antigen,FVFKNIDGY,1,1,1.1,75.56,FVFKNIDGY,11.111,44.444,22.222,33.333,66.667,33.333,22.222,11.111,11.111
AALQIPFAMQM,AALQIPFAMQM,1220.504,5.57,0.091,46.764,0.273,0.091,0.545,0,0,1.064,-0.204,0.894,Probable Antigen,AALQIPFAMQM,0,0,4.4,98.18,AALQIPFAMQM,27.273,36.364,45.455,9.091,81.818,18.182,0.0,0.0,0.0
CNDPFLGVY,CNDPFLGVY,1027.15,4.05,0.222,21.911,0.444,0.333,0.111,1490,1490,0.333,-1.25,0.4295,Probable Non-Antigen,CNDPFLGVY,1,0,1.2,75.56,CNDPFLGVY,22.222,66.667,22.222,22.222,77.778,22.222,11.111,0.0,11.111
NFKDQVILL,NFKDQVILL,1089.284,5.836,0.111,-11.489,0.556,0.111,0.222,0,0,0.522,-0.24,1.1677,Probable Antigen,NFKDQVILL,1,1,1.4,162.22,NFKDQVILL,0.0,33.333,44.444,11.111,55.556,44.444,22.222,11.111,11.111
LTYTGAIKL,LTYTGAIKL,979.171,8.591,0.111,-38.278,0.444,0.111,0.333,1490,1490,0.767,0.758,0.6524,Probable Antigen,LTYTGAIKL,0,1,5.5,141.11,LTYTGAIKL,44.444,44.444,44.444,11.111,66.667,33.333,11.111,11.111,0.0
TNLCPFGEVF,TNLCPFGEVF,1126.281,4.05,0.2,24.95,0.4,0.3,0.2,0,0,0.64,-1.609,0.281,Probable Non-Antigen,TNLCPFGEVF,1,0,7.2,68.0,TNLCPFGEVF,30.0,60.0,20.0,20.0,70.0,30.0,10.0,0.0,10.0
STECSNLLLQY,STECSNLLLQY,1270.409,4.05,0.091,89.327,0.364,0.273,0.364,1490,1490,-0.018,-1.548,0.545,Probable Antigen,STECSNLLLQY,1,0,1.9,106.36,STECSNLLLQY,36.364,45.455,27.273,9.091,45.455,54.545,9.091,0.0,9.091
ITGRLQSLQTY,ITGRLQSLQTY,1279.442,8.748,0.091,100.591,0.364,0.182,0.182,1490,1490,-0.3,0.759,0.306,Probable Non-Antigen,ITGRLQSLQTY,0,1,20,106.36,ITGRLQSLQTY,36.364,36.364,27.273,9.091,45.455,54.545,9.091,9.091,0.0
HVSGTNGTK,HVSGTNGTK,899.948,8.757,0.0,-43.378,0.111,0.444,0.0,0,0,-1.044,0.846,1.0956,Probable Antigen,HVSGTNGTK,0,1,3.5,32.22,HVSGTNGTK,55.556,77.778,11.111,11.111,33.333,66.667,22.222,22.222,0.0
TLDSKTQSL,TLDSKTQSL,992.082,5.498,0.0,70.733,0.222,0.222,0.222,0,0,-0.7,-0.602,1.0685,Probable Antigen,TLDSKTQSL,1,1,7.2,86.67,TLDSKTQSL,44.444,55.556,22.222,0.0,22.222,77.778,22.222,11.111,11.111
SFPQSAPHGVVF,SFPQSAPHGVVF,1272.408,6.456,0.167,85.292,0.333,0.417,0.083,0,0,0.325,-0.453,-0.0447,Probable Non-Antigen,SFPQSAPHGVVF,0,0,1.9,56.67,SFPQSAPHGVVF,33.333,66.667,25.0,25.0,66.667,33.333,8.333,8.333,0.0
SPDDQIGYY,SPDDQIGYY,1057.067,4.05,0.222,53.611,0.333,0.333,0.0,2980,2980,-1.267,-2.54,0.4863,Probable Non-Antigen,SPDDQIGYY,2,0,1.9,43.33,SPDDQIGYY,22.222,55.556,11.111,22.222,55.556,44.444,22.222,0.0,22.222
RVYSSANNCTFEY,RVYSSANNCTFEY,1553.651,5.994,0.231,50.6,0.308,0.308,0.154,2980,2980,-0.662,-0.249,-0.1802,Probable Non-Antigen,RVYSSANNCTFEY,1,1,1,30.0,RVYSSANNCTFEY,38.462,61.538,15.385,23.077,46.154,53.846,15.385,7.692,7.692
YRFNGIGVTQNVL,YRFNGIGVTQNVL,1480.666,8.748,0.154,-34.2,0.462,0.308,0.077,1490,1490,0.131,0.759,0.8686,Probable Antigen,YRFNGIGVTQNVL,0,1,2.8,104.62,YRFNGIGVTQNVL,23.077,53.846,30.769,15.385,61.538,38.462,7.692,7.692,0.0
AAGLEAPFLYLY,AAGLEAPFLYLY,1327.523,4.05,0.25,41.267,0.5,0.167,0.583,2980,2980,0.958,-1.203,0.3233,Probable Non-Antigen,AAGLEAPFLYLY,1,0,4.4,122.5,AAGLEAPFLYLY,33.333,41.667,50.0,25.0,91.667,8.333,8.333,0.0,8.333
QEVFAQVKQIY,QEVFAQVKQIY,1352.534,6.001,0.182,38.618,0.455,0.0,0.182,1490,1490,-0.155,-0.239,0.1225,Probable Non-Antigen,QEVFAQVKQIY,1,1,0.8,97.27,QEVFAQVKQIY,9.091,27.273,36.364,18.182,54.545,45.455,18.182,9.091,9.091
KDLSPRWYFY,KDLSPRWYFY,1374.541,8.497,0.4,135.281,0.5,0.2,0.1,8480,8480,-1.12,0.758,0.9981,Probable Antigen,KDLSPRWYFY,1,2,1.3,39.0,KDLSPRWYFY,10.0,30.0,10.0,40.0,60.0,40.0,30.0,20.0,10.0
TILTRPLL,TILTRPLL,926.154,9.41,0.0,56.9,0.5,0.125,0.375,0,0,1.05,0.398,-0.3131,Probable Non-Antigen,TILTRPLL,0,1,7.2,195.0,TILTRPLL,25.0,37.5,50.0,0.0,62.5,37.5,12.5,12.5,0.0
YYQLYSTQL,YYQLYSTQL,1178.29,5.523,0.333,14.222,0.556,0.111,0.222,4470,4470,-0.533,-0.243,0.4644,Probable Non-Antigen,YYQLYSTQL,0,0,2.8,86.67,YYQLYSTQL,22.222,22.222,22.222,33.333,55.556,44.444,0.0,0.0,0.0
IPYNSVTSSI,IPYNSVTSSI,1080.188,5.524,0.1,16.89,0.4,0.5,0.0,1490,1490,0.37,-0.241,0.259,Probable Non-Antigen,IPYNSVTSSI,0,0,20,107.0,IPYNSVTSSI,40.0,70.0,30.0,10.0,50.0,50.0,0.0,0.0,0.0
FAYANRNRF,FAYANRNRF,1158.268,10.835,0.333,48.911,0.333,0.222,0.222,1490,1490,-0.9,1.759,0.7785,Probable Antigen,FAYANRNRF,0,2,1.1,22.22,FAYANRNRF,22.222,44.444,22.222,33.333,55.556,44.444,22.222,22.222,0.0
GYLQPRTFL,GYLQPRTFL,1094.263,8.748,0.222,62.411,0.444,0.222,0.222,1490,1490,-0.178,0.759,0.6082,Probable Antigen,GYLQPRTFL,0,1,30,86.67,GYLQPRTFL,22.222,33.333,22.222,22.222,66.667,33.333,11.111,11.111,0.0
TTEILPVSM,TTEILPVSM,990.172,4.05,0.0,115.889,0.333,0.222,0.333,0,0,0.789,-1.599,1.2262,Probable Antigen,TTEILPVSM,1,0,7.2,118.89,TTEILPVSM,33.333,55.556,33.333,0.0,55.556,44.444,11.111,0.0,11.111
TTDAVRDPQTL,TTDAVRDPQTL,1216.298,4.207,0.0,26.6,0.182,0.091,0.182,0,0,-0.809,-1.6,0.1169,Probable Non-Antigen,TTDAVRDPQTL,2,1,7.2,70.91,TTDAVRDPQTL,36.364,72.727,27.273,0.0,36.364,63.636,27.273,9.091,18.182
VTYVPAQEKNF,VTYVPAQEKNF,1295.439,5.971,0.182,40.236,0.364,0.182,0.182,1490,1490,-0.455,-0.265,0.9438,Probable Antigen,VTYVPAQEKNF,1,1,100,61.82,VTYVPAQEKNF,18.182,54.545,27.273,18.182,54.545,45.455,18.182,9.091,9.091
GPQNQRNAPRI,GPQNQRNAPRI,1250.368,12.0,0.0,41.618,0.091,0.455,0.091,0,0,-1.845,1.76,0.6469,Probable Antigen,GPQNQRNAPRI,0,2,30,44.55,GPQNQRNAPRI,18.182,54.545,18.182,0.0,45.455,54.545,18.182,18.182,0.0
FNATRFASV,FNATRFASV,1012.119,9.75,0.222,8.889,0.333,0.222,0.222,0,0,0.433,0.76,0.5609,Probable Antigen,FNATRFASV,0,1,1.1,54.44,FNATRFASV,44.444,66.667,33.333,22.222,55.556,44.444,11.111,11.111,0.0
AARDLICAQK,AARDLICAQK,1088.282,8.266,0.0,9.0,0.2,0.0,0.4,0,0,0.08,0.786,0.667,Probable Antigen,AARDLICAQK,1,2,4.4,108.0,AARDLICAQK,40.0,50.0,50.0,0.0,60.0,40.0,30.0,20.0,10.0
IFTIGTVTL,IFTIGTVTL,964.156,5.525,0.111,-9.978,0.556,0.111,0.111,0,0,1.922,-0.24,0.8573,Probable Antigen,IFTIGTVTL,0,0,20,162.22,IFTIGTVTL,44.444,55.556,44.444,11.111,66.667,33.333,0.0,0.0,0.0
AVRDPQTLEI,AVRDPQTLEI,1141.275,4.37,0.0,47.52,0.3,0.1,0.3,0,0,-0.3,-1.2,0.7083,Probable Antigen,AVRDPQTLEI,2,1,4.4,117.0,AVRDPQTLEI,20.0,50.0,40.0,0.0,50.0,50.0,30.0,10.0,20.0
THWFVTQRNF,THWFVTQRNF,1335.468,9.44,0.3,-12.6,0.4,0.1,0.0,5500,5500,-0.72,0.485,0.5547,Probable Antigen,THWFVTQRNF,0,1,7.2,29.0,THWFVTQRNF,20.0,40.0,10.0,40.0,40.0,60.0,20.0,20.0,0.0
IPFAMQMAY,IPFAMQMAY,1071.312,5.524,0.222,32.422,0.333,0.111,0.444,1490,1490,0.922,-0.241,1.4278,Probable Antigen,IPFAMQMAY,0,0,20,65.56,IPFAMQMAY,22.222,33.333,33.333,22.222,88.889,11.111,0.0,0.0,0.0
LLYDANYFL,LLYDANYFL,1131.276,4.05,0.333,35.2,0.667,0.111,0.444,2980,2980,0.711,-1.241,-0.03,Probable Non-Antigen,LLYDANYFL,1,0,5.5,141.11,LLYDANYFL,11.111,33.333,44.444,33.333,77.778,22.222,11.111,0.0,11.111
IAIAMACLV,IAIAMACLV,904.192,5.518,0.0,92.822,0.444,0.0,0.556,0,0,2.978,-0.25,1.1704,Probable Antigen,IAIAMACLV,0,0,20,195.56,IAIAMACLV,44.444,55.556,77.778,0.0,100.0,0.0,0.0,0.0,0.0
FAPSASAF,FAPSASAF,796.866,5.525,0.25,56.9,0.25,0.375,0.375,0,0,0.975,-0.24,0.3832,Probable Non-Antigen,FAPSASAF,0,0,1.1,37.5,FAPSASAF,62.5,75.0,37.5,25.0,75.0,25.0,0.0,0.0,0.0
LQLPQGTTLPKGFY,LQLPQGTTLPKGFY,1562.807,8.591,0.143,85.001,0.357,0.286,0.214,1490,1490,-0.243,0.758,-0.0208,Probable Non-Antigen,LQLPQGTTLPKGFY,0,1,5.5,83.57,LQLPQGTTLPKGFY,28.571,42.857,21.429,14.286,64.286,35.714,7.143,7.143,0.0
INITRFQTL,INITRFQTL,1105.287,9.75,0.111,57.711,0.444,0.111,0.111,0,0,0.3,0.76,0.3934,Probable Non-Antigen,INITRFQTL,0,1,20,130.0,INITRFQTL,22.222,33.333,33.333,11.111,44.444,55.556,11.111,11.111,0.0
LHVTYVPAQEK,LHVTYVPAQEK,1284.46,6.748,0.091,53.9,0.364,0.091,0.273,1490,1490,-0.336,-0.152,1.2708,Probable Antigen,LHVTYVPAQEK,1,1,5.5,97.27,LHVTYVPAQEK,18.182,45.455,36.364,18.182,54.545,45.455,27.273,18.182,9.091
RARSVASQSI,RARSVASQSI,1074.192,12.0,0.0,116.14,0.2,0.3,0.2,0,0,-0.26,1.76,0.546,Probable Antigen,RARSVASQSI,0,2,1,88.0,RARSVASQSI,50.0,60.0,40.0,0.0,40.0,60.0,20.0,20.0,0.0
VRDPQTLEIL,VRDPQTLEIL,1183.355,4.37,0.0,66.78,0.4,0.1,0.3,0,0,-0.1,-1.262,0.5446,Probable Antigen,VRDPQTLEIL,2,1,100,146.0,VRDPQTLEIL,10.0,40.0,40.0,0.0,50.0,50.0,30.0,10.0,20.0
FLYLYALVY,FLYLYALVY,1164.39,5.523,0.444,26.822,0.889,0.0,0.444,4470,4470,1.811,-0.243,0.1273,Probable Non-Antigen,FLYLYALVY,0,0,1.1,173.33,FLYLYALVY,11.111,22.222,55.556,44.444,100.0,0.0,0.0,0.0,0.0
KTFPPTEPK,KTFPPTEPK,1044.201,8.591,0.111,108.2,0.111,0.333,0.111,0,0,-1.633,0.761,0.7571,Probable Antigen,KTFPPTEPK,1,2,1.3,0.0,KTFPPTEPK,22.222,55.556,0.0,11.111,44.444,55.556,33.333,22.222,11.111
FVSNGTHWF,FVSNGTHWF,1094.178,6.741,0.333,-20.444,0.444,0.333,0.0,5500,5500,0.033,-0.153,0.0807,Probable Non-Antigen,FVSNGTHWF,0,0,1.1,32.22,FVSNGTHWF,33.333,55.556,11.111,44.444,55.556,44.444,11.111,11.111,0.0
GVYYPDKVF,GVYYPDKVF,1087.224,5.834,0.333,0.689,0.556,0.222,0.0,2980,2980,-0.089,-0.242,0.0652,Probable Non-Antigen,GVYYPDKVF,1,1,30,64.44,GVYYPDKVF,11.111,55.556,22.222,33.333,77.778,22.222,22.222,11.111,11.111
VYYPDKVFRSSVL,VYYPDKVFRSSVL,1572.801,8.468,0.231,52.169,0.538,0.231,0.077,2980,2980,0.115,0.732,-0.1652,Probable Non-Antigen,VYYPDKVFRSSVL,1,2,100,96.92,VYYPDKVFRSSVL,15.385,53.846,30.769,23.077,61.538,38.462,23.077,15.385,7.692
NSFTRGVYY,NSFTRGVYY,1106.187,8.59,0.333,4.789,0.444,0.333,0.0,2980,2980,-0.611,0.758,-0.1877,Probable Non-Antigen,NSFTRGVYY,0,1,1.4,32.22,NSFTRGVYY,33.333,55.556,11.111,33.333,55.556,44.444,11.111,11.111,0.0
SFIEDLLF,SFIEDLLF,983.114,4.05,0.25,87.75,0.625,0.125,0.375,0,0,1.237,-2.536,-0.2473,Probable Non-Antigen,SFIEDLLF,2,0,1.9,146.25,SFIEDLLF,12.5,25.0,37.5,25.0,62.5,37.5,25.0,0.0,25.0
VYADSFVIR,VYADSFVIR,1069.21,5.806,0.222,38.789,0.556,0.111,0.111,1490,1490,0.822,-0.266,-0.2347,Probable Non-Antigen,VYADSFVIR,1,1,100,118.89,VYADSFVIR,22.222,55.556,44.444,22.222,66.667,33.333,22.222,11.111,11.111
SVLYNSASFSTFK,SVLYNSASFSTFK,1450.591,8.31,0.231,7.162,0.385,0.385,0.154,1490,1490,0.215,0.458,0.047,Probable Non-Antigen,SVLYNSASFSTFK,0,1,1.9,60.0,SVLYNSASFSTFK,46.154,61.538,23.077,23.077,46.154,53.846,7.692,7.692,0.0
FTISVTTEI,FTISVTTEI,1010.138,4.05,0.111,42.256,0.444,0.111,0.111,0,0,1.067,-1.237,0.8535,Probable Antigen,FTISVTTEI,1,0,1.1,118.89,FTISVTTEI,44.444,55.556,33.333,11.111,44.444,55.556,11.111,0.0,11.111
VVIGIVNNTVY,VVIGIVNNTVY,1190.388,5.494,0.091,-20.918,0.636,0.273,0.0,1490,1490,1.491,-0.267,0.8811,Probable Antigen,VVIGIVNNTVY,0,0,100,176.36,VVIGIVNNTVY,18.182,72.727,54.545,9.091,72.727,27.273,0.0,0.0,0.0
KCRSKNPLLY,KCRSKNPLLY,1221.472,9.787,0.1,50.06,0.3,0.3,0.2,1490,1490,-0.94,2.747,0.555,Probable Antigen,KCRSKNPLLY,0,3,1.3,78.0,KCRSKNPLLY,20.0,40.0,20.0,10.0,50.0,50.0,30.0,30.0,0.0
LVIGAVILRGHLR,LVIGAVILRGHLR,1416.756,12.0,0.0,40.615,0.538,0.154,0.308,0,0,1.354,1.847,0.7991,Probable Antigen,LVIGAVILRGHLR,0,2,5.5,202.31,LVIGAVILRGHLR,23.077,38.462,61.538,7.692,76.923,23.077,23.077,23.077,0.0
RPQGLPNNTASW,RPQGLPNNTASW,1340.444,9.75,0.083,50.242,0.167,0.5,0.167,5500,5500,-1.283,0.76,0.4563,Probable Non-Antigen,RPQGLPNNTASW,0,1,1,40.83,RPQGLPNNTASW,33.333,66.667,16.667,8.333,50.0,50.0,8.333,8.333,0.0
YKTFPPTEPKK,YKTFPPTEPKK,1335.547,9.528,0.182,90.345,0.182,0.273,0.091,1490,1490,-1.809,1.759,0.7617,Probable Antigen,YKTFPPTEPKK,1,3,2.8,0.0,YKTFPPTEPKK,18.182,45.455,0.0,18.182,45.455,54.545,36.364,27.273,9.091
LALHRSYL,LALHRSYL,972.141,8.755,0.125,63.675,0.5,0.125,0.5,1490,1490,0.425,0.846,0.278,Probable Non-Antigen,LALHRSYL,0,1,5.5,158.75,LALHRSYL,25.0,25.0,50.0,25.0,62.5,37.5,25.0,25.0,0.0
TSNQVAVLY,TSNQVAVLY,994.099,5.185,0.111,-7.867,0.444,0.222,0.222,1490,1490,0.467,-0.603,0.4387,Probable Non-Antigen,TSNQVAVLY,0,0,7.2,118.89,TSNQVAVLY,33.333,66.667,44.444,11.111,55.556,44.444,0.0,0.0,0.0
YFIASFRLF,YFIASFRLF,1163.366,8.748,0.444,8.889,0.667,0.111,0.222,1490,1490,1.322,0.759,-0.1142,Probable Non-Antigen,YFIASFRLF,0,1,2.8,97.78,YFIASFRLF,22.222,22.222,33.333,44.444,77.778,22.222,11.111,11.111,0.0
VRFPNITNLCPF,VRFPNITNLCPF,1420.677,8.22,0.167,81.408,0.417,0.333,0.083,0,0,0.433,0.724,1.2901,Probable Antigen,VRFPNITNLCPF,0,1,100,89.17,VRFPNITNLCPF,16.667,58.333,25.0,16.667,66.667,33.333,8.333,8.333,0.0
KVTLADAGFIK,KVTLADAGFIK,1162.378,8.591,0.091,-21.782,0.364,0.091,0.273,0,0,0.591,0.759,0.8594,Probable Antigen,KVTLADAGFIK,1,2,1.3,115.45,KVTLADAGFIK,36.364,54.545,45.455,9.091,63.636,36.364,27.273,18.182,9.091
SGFAAYSRY,SGFAAYSRY,1021.083,8.309,0.333,21.911,0.333,0.333,0.222,2980,2980,-0.3,0.458,0.9471,Probable Antigen,SGFAAYSRY,0,1,1.9,22.22,SGFAAYSRY,55.556,55.556,22.222,33.333,66.667,33.333,11.111,11.111,0.0
DAVRDPQTL,DAVRDPQTL,1014.091,4.208,0.0,30.289,0.222,0.111,0.222,0,0,-0.833,-1.238,-0.1803,Probable Non-Antigen,DAVRDPQTL,2,1,1.1,86.67,DAVRDPQTL,22.222,66.667,33.333,0.0,44.444,55.556,33.333,11.111,22.222
GTITSGWTF,GTITSGWTF,969.048,5.525,0.222,10.178,0.333,0.333,0.0,5500,5500,0.3,-0.24,0.3272,Probable Non-Antigen,GTITSGWTF,0,0,30,43.33,GTITSGWTF,66.667,66.667,11.111,22.222,55.556,44.444,0.0,0.0,0.0
LTDEMIAQY,LTDEMIAQY,1083.212,4.05,0.111,0.511,0.333,0.0,0.444,1490,1490,-0.056,-2.237,0.1043,Probable Non-Antigen,LTDEMIAQY,2,0,5.5,97.78,LTDEMIAQY,22.222,33.333,33.333,11.111,55.556,44.444,22.222,0.0,22.222
LPLVSSQCV,LPLVSSQCV,945.134,5.518,0.0,56.333,0.444,0.333,0.222,0,0,1.311,-0.25,0.8267,Probable Antigen,LPLVSSQCV,0,0,5.5,151.11,LPLVSSQCV,33.333,66.667,44.444,0.0,66.667,33.333,0.0,0.0,0.0
ALNTLVKQL,ALNTLVKQL,999.205,8.795,0.0,22.522,0.444,0.111,0.444,0,0,0.644,0.795,-0.5716,Probable Non-Antigen,ALNTLVKQL,0,1,4.4,173.33,ALNTLVKQL,22.222,44.444,55.556,0.0,55.556,44.444,11.111,11.111,0.0
SEFRVYSSA,SEFRVYSSA,1045.103,5.718,0.222,43.311,0.333,0.333,0.222,1490,1490,-0.322,-0.538,0.0315,Probable Non-Antigen,SEFRVYSSA,1,1,1.9,43.33,SEFRVYSSA,44.444,55.556,22.222,22.222,44.444,55.556,22.222,11.111,11.111
TSRTLSYYK,TSRTLSYYK,1118.24,9.697,0.222,44.0,0.333,0.222,0.111,2980,2980,-1.133,1.395,0.4811,Probable Non-Antigen,TSRTLSYYK,0,2,7.2,43.33,TSRTLSYYK,44.444,44.444,11.111,22.222,33.333,66.667,22.222,22.222,0.0
SGWTAGAAAY,SGWTAGAAAY,953.994,5.24,0.2,-2.18,0.2,0.3,0.4,6990,6990,0.27,-0.541,0.2756,Probable Non-Antigen,SGWTAGAAAY,0,0,1.9,40.0,SGWTAGAAAY,80.0,80.0,40.0,20.0,80.0,20.0,0.0,0.0,0.0
LPYGANKDGI,LPYGANKDGI,1047.162,5.835,0.1,26.47,0.3,0.4,0.2,1490,1490,-0.45,-0.241,0.0009,Probable Non-Antigen,LPYGANKDGI,1,1,5.5,88.0,LPYGANKDGI,30.0,60.0,30.0,10.0,70.0,30.0,20.0,10.0,10.0
YYVGYLQPR,YYVGYLQPR,1158.305,8.497,0.333,52.978,0.556,0.222,0.111,4470,4470,-0.656,0.757,1.4692,Probable Antigen,YYVGYLQPR,0,1,2.8,75.56,YYVGYLQPR,11.111,33.333,22.222,33.333,77.778,22.222,11.111,11.111,0.0
LLYDANYFL,LLYDANYFL,1131.276,4.05,0.333,35.2,0.667,0.111,0.444,2980,2980,0.711,-1.241,-0.03,Probable Non-Antigen,LLYDANYFL,1,0,5.5,141.11,LLYDANYFL,11.111,33.333,44.444,33.333,77.778,22.222,11.111,0.0,11.111
NRFLYIIKL,NRFLYIIKL,1179.453,9.994,0.222,-9.978,0.667,0.111,0.222,1490,1490,0.689,1.758,0.3128,Probable Non-Antigen,NRFLYIIKL,0,2,1.4,173.33,NRFLYIIKL,0.0,11.111,44.444,22.222,66.667,33.333,22.222,22.222,0.0
NYNYLYRLFR,NYNYLYRLFR,1421.601,9.697,0.4,-7.91,0.6,0.2,0.2,4470,4470,-0.95,1.757,-0.3934,Probable Non-Antigen,NYNYLYRLFR,0,2,1.4,78.0,NYNYLYRLFR,0.0,20.0,20.0,40.0,60.0,40.0,20.0,20.0,0.0
VLNDILSRL,VLNDILSRL,1042.23,5.807,0.0,51.689,0.556,0.222,0.333,0,0,0.867,-0.265,-0.8524,Probable Non-Antigen,VLNDILSRL,1,1,100,205.56,VLNDILSRL,11.111,44.444,55.556,0.0,55.556,44.444,22.222,11.111,11.111
TYVPAQEKNF,TYVPAQEKNF,1196.308,5.663,0.2,51.75,0.3,0.2,0.2,1490,1490,-0.92,-0.601,0.7276,Probable Antigen,TYVPAQEKNF,1,1,7.2,39.0,TYVPAQEKNF,20.0,50.0,20.0,20.0,50.0,50.0,20.0,10.0,10.0
GGDAALAL,GGDAALAL,686.754,4.05,0.0,24.175,0.25,0.25,0.625,0,0,1.087,-1.239,0.4539,Probable Non-Antigen,GGDAALAL,1,0,30,135.0,GGDAALAL,62.5,75.0,62.5,0.0,87.5,12.5,12.5,0.0,12.5
KKFLPFQQF,KKFLPFQQF,1182.413,10.003,0.333,64.711,0.444,0.111,0.111,0,0,-0.467,1.758,0.1647,Probable Non-Antigen,KKFLPFQQF,0,2,1.3,43.33,KKFLPFQQF,0.0,11.111,11.111,33.333,55.556,44.444,22.222,22.222,0.0
KKFLPFQQF,KKFLPFQQF,1182.413,10.003,0.333,64.711,0.444,0.111,0.111,0,0,-0.467,1.758,0.1647,Probable Non-Antigen,KKFLPFQQF,0,2,1.3,43.33,KKFLPFQQF,0.0,11.111,11.111,33.333,55.556,44.444,22.222,22.222,0.0
ILDITPCSF,ILDITPCSF,1008.189,4.05,0.111,21.911,0.444,0.222,0.111,0,0,1.278,-1.249,1.1835,Probable Antigen,ILDITPCSF,1,0,20,130.0,ILDITPCSF,33.333,55.556,33.333,11.111,66.667,33.333,11.111,0.0,11.111
YYVGYLQPRTF,YYVGYLQPRTF,1406.583,8.497,0.364,56.382,0.545,0.182,0.091,4470,4470,-0.345,0.757,0.8985,Probable Antigen,YYVGYLQPRTF,0,1,2.8,61.82,YYVGYLQPRTF,18.182,36.364,18.182,36.364,72.727,27.273,9.091,9.091,0.0
VYSSANNCTFE,VYSSANNCTFE,1234.292,4.599,0.182,57.982,0.273,0.364,0.182,1490,1490,-0.255,-1.269,-0.1314,Probable Non-Antigen,VYSSANNCTFE,1,0,100,35.45,VYSSANNCTFE,45.455,72.727,18.182,18.182,45.455,54.545,9.091,0.0,9.091
VRQIAPGQTGK,VRQIAPGQTGK,1154.32,11.001,0.0,28.673,0.182,0.273,0.091,0,0,-0.727,1.733,1.4359,Probable Antigen,VRQIAPGQTGK,0,2,100,70.91,VRQIAPGQTGK,36.364,54.545,27.273,0.0,54.545,45.455,18.182,18.182,0.0
NFYEPQIITTDNTF,NFYEPQIITTDNTF,1702.814,4.05,0.214,46.715,0.357,0.214,0.071,1490,1490,-0.564,-2.237,0.4308,Probable Non-Antigen,NFYEPQIITTDNTF,2,0,1.4,55.71,NFYEPQIITTDNTF,21.429,50.0,14.286,21.429,42.857,57.143,14.286,0.0,14.286
KPSKRSFIEDLL,KPSKRSFIEDLL,1432.663,8.59,0.083,135.383,0.333,0.25,0.25,0,0,-0.633,0.762,-0.1343,Probable Non-Antigen,KPSKRSFIEDLL,2,3,1.3,97.5,KPSKRSFIEDLL,16.667,33.333,25.0,8.333,41.667,58.333,41.667,25.0,16.667
YSSANNCTF,YSSANNCTF,1006.047,5.517,0.222,77.022,0.222,0.444,0.111,1490,1490,-0.389,-0.251,-0.1036,Probable Non-Antigen,YSSANNCTF,0,0,2.8,11.11,YSSANNCTF,55.556,77.778,11.111,22.222,44.444,55.556,0.0,0.0,0.0
AVRDPQTL,AVRDPQTL,899.003,5.881,0.0,32.825,0.25,0.125,0.25,0,0,-0.5,-0.203,0.2523,Probable Non-Antigen,AVRDPQTL,1,1,4.4,97.5,AVRDPQTL,25.0,62.5,37.5,0.0,50.0,50.0,25.0,12.5,12.5
DLDDFSKQL,DLDDFSKQL,1080.145,4.05,0.111,26.778,0.333,0.111,0.222,0,0,-0.922,-2.238,-0.1003,Probable Non-Antigen,DLDDFSKQL,3,1,1.1,86.67,DLDDFSKQL,11.111,44.444,22.222,11.111,33.333,66.667,44.444,11.111,33.333
GTITSGWTF,GTITSGWTF,969.048,5.525,0.222,10.178,0.333,0.333,0.0,5500,5500,0.3,-0.24,0.3272,Probable Non-Antigen,GTITSGWTF,0,0,30,43.33,GTITSGWTF,66.667,66.667,11.111,22.222,55.556,44.444,0.0,0.0,0.0
DYKHWPQIAQF,DYKHWPQIAQF,1432.58,6.743,0.273,17.127,0.364,0.091,0.091,6990,6990,-1.118,-0.154,0.6414,Probable Antigen,DYKHWPQIAQF,1,1,1.1,44.55,DYKHWPQIAQF,9.091,27.273,18.182,36.364,54.545,45.455,27.273,18.182,9.091
IADYNYKL,IADYNYKL,999.117,5.834,0.25,-12.475,0.5,0.125,0.25,2980,2980,-0.425,-0.242,1.55,Probable Antigen,IADYNYKL,1,1,20,110.0,IADYNYKL,12.5,37.5,37.5,25.0,62.5,37.5,25.0,12.5,12.5
LQIPFAMQMAYRF,LQIPFAMQMAYRF,1615.958,8.748,0.231,37.592,0.385,0.077,0.385,1490,1490,0.531,0.759,1.0234,Probable Antigen,LQIPFAMQMAYRF,0,1,5.5,75.38,LQIPFAMQMAYRF,15.385,23.077,30.769,23.077,76.923,23.077,7.692,7.692,0.0
VLKGVKLHY,VLKGVKLHY,1056.301,9.703,0.111,26.211,0.556,0.111,0.222,1490,1490,0.367,1.818,1.2378,Probable Antigen,VLKGVKLHY,0,2,100,151.11,VLKGVKLHY,11.111,33.333,44.444,22.222,66.667,33.333,33.333,33.333,0.0
ECVLGQSKR,ECVLGQSKR,1019.177,8.32,0.0,134.378,0.222,0.222,0.222,0,0,-0.678,0.826,0.9377,Probable Antigen,ECVLGQSKR,1,2,1,75.56,ECVLGQSKR,33.333,44.444,22.222,0.0,44.444,55.556,33.333,22.222,11.111
NPVLPFNDGVY,NPVLPFNDGVY,1234.356,4.05,0.182,52.145,0.455,0.455,0.091,1490,1490,-0.036,-1.24,0.3562,Probable Non-Antigen,NPVLPFNDGVY,1,0,1.4,88.18,NPVLPFNDGVY,9.091,72.727,27.273,18.182,72.727,27.273,9.091,0.0,9.091
GTGVLTESNK,GTGVLTESNK,1005.08,6.001,0.0,54.22,0.2,0.4,0.2,0,0,-0.59,-0.238,0.7166,Probable Antigen,GTGVLTESNK,1,1,30,68.0,GTGVLTESNK,50.0,70.0,20.0,0.0,40.0,60.0,20.0,10.0,10.0
IAQYTSALL,IAQYTSALL,979.128,5.524,0.111,-8.922,0.444,0.111,0.444,1490,1490,1.044,-0.241,0.0823,Probable Non-Antigen,IAQYTSALL,0,0,20,152.22,IAQYTSALL,44.444,44.444,55.556,11.111,66.667,33.333,0.0,0.0,0.0
YLQPRTFL,YLQPRTFL,1037.212,8.748,0.25,79.575,0.5,0.125,0.25,1490,1490,-0.15,0.759,0.1771,Probable Non-Antigen,YLQPRTFL,0,1,2.8,97.5,YLQPRTFL,12.5,25.0,25.0,25.0,62.5,37.5,12.5,12.5,0.0
ATSRTLSYY,ATSRTLSYY,1061.145,8.634,0.222,44.0,0.333,0.222,0.222,2980,2980,-0.5,0.794,0.6108,Probable Antigen,ATSRTLSYY,0,1,4.4,54.44,ATSRTLSYY,55.556,55.556,22.222,22.222,44.444,55.556,11.111,11.111,0.0
LYNSASFSTFK,LYNSASFSTFK,1264.382,8.591,0.273,6.645,0.364,0.364,0.182,1490,1490,-0.055,0.758,0.0623,Probable Non-Antigen,LYNSASFSTFK,0,1,5.5,44.55,LYNSASFSTFK,45.455,54.545,18.182,27.273,45.455,54.545,9.091,9.091,0.0
SVYAWNRKR,SVYAWNRKR,1179.331,11.0,0.222,76.756,0.333,0.222,0.111,6990,6990,-1.489,2.458,0.765,Probable Antigen,SVYAWNRKR,0,3,1.9,43.33,SVYAWNRKR,22.222,44.444,22.222,22.222,44.444,55.556,33.333,33.333,0.0
MRIFTIGTVTLK,MRIFTIGTVTLK,1379.71,11.0,0.083,-18.342,0.417,0.083,0.167,0,0,0.9,1.499,1.1223,Probable Antigen,MRIFTIGTVTLK,0,2,30,121.67,MRIFTIGTVTLK,33.333,41.667,33.333,8.333,58.333,41.667,16.667,16.667,0.0
LNVPLHGTIL,LNVPLHGTIL,1076.289,6.741,0.0,28.66,0.5,0.3,0.3,0,0,1.07,-0.153,-0.3259,Probable Non-Antigen,LNVPLHGTIL,0,0,5.5,185.0,LNVPLHGTIL,20.0,50.0,50.0,10.0,70.0,30.0,10.0,10.0,0.0
YSSANNCTFEY,YSSANNCTFEY,1298.334,4.05,0.273,64.836,0.273,0.364,0.182,2980,2980,-0.755,-1.249,-0.0567,Probable Non-Antigen,YSSANNCTFEY,1,0,2.8,9.09,YSSANNCTFEY,45.455,63.636,9.091,27.273,45.455,54.545,9.091,0.0,9.091
HSYFTSDYYQLY,HSYFTSDYYQLY,1586.654,5.077,0.417,19.45,0.5,0.167,0.083,5960,5960,-0.925,-1.156,0.0481,Probable Non-Antigen,HSYFTSDYYQLY,1,0,3.5,32.5,HSYFTSDYYQLY,25.0,33.333,8.333,50.0,50.0,50.0,16.667,8.333,8.333
IAIVMVTIM,IAIVMVTIM,990.324,5.525,0.0,-9.978,0.556,0.0,0.333,0,0,2.978,-0.24,1.1339,Probable Antigen,IAIVMVTIM,0,0,20,205.56,IAIVMVTIM,22.222,44.444,66.667,0.0,88.889,11.111,0.0,0.0,0.0
VLHSTQDLF,VLHSTQDLF,1059.172,5.076,0.111,21.911,0.444,0.111,0.222,0,0,0.322,-1.178,0.1734,Probable Non-Antigen,VLHSTQDLF,1,0,100,118.89,VLHSTQDLF,22.222,44.444,33.333,22.222,44.444,55.556,22.222,11.111,11.111
STASALGKL,STASALGKL,846.968,8.465,0.0,-9.978,0.222,0.333,0.444,0,0,0.511,0.459,0.5357,Probable Antigen,STASALGKL,0,1,1.9,108.89,STASALGKL,66.667,66.667,44.444,0.0,55.556,44.444,11.111,11.111,0.0
VATSRTLSYY,VATSRTLSYY,1160.276,8.56,0.2,40.6,0.4,0.2,0.2,2980,2980,-0.03,0.732,0.7297,Probable Antigen,VATSRTLSYY,0,1,100,78.0,VATSRTLSYY,50.0,60.0,30.0,20.0,50.0,50.0,10.0,10.0,0.0
TGVEHVTFF,TGVEHVTFF,1036.137,5.211,0.222,-4.644,0.444,0.111,0.111,0,0,0.611,-1.512,0.6777,Probable Antigen,TGVEHVTFF,1,0,7.2,64.44,TGVEHVTFF,33.333,55.556,22.222,33.333,55.556,44.444,22.222,11.111,11.111
LIRQGTDYK,LIRQGTDYK,1093.234,8.59,0.111,20.856,0.333,0.111,0.111,1490,1490,-1.056,0.759,0.0836,Probable Non-Antigen,LIRQGTDYK,1,2,5.5,86.67,LIRQGTDYK,22.222,33.333,22.222,11.111,44.444,55.556,33.333,22.222,11.111
LPDPSKPSK,LPDPSKPSK,968.105,8.591,0.0,56.333,0.111,0.556,0.111,0,0,-1.544,0.759,-0.1058,Probable Non-Antigen,LPDPSKPSK,1,2,5.5,43.33,LPDPSKPSK,22.222,66.667,11.111,0.0,44.444,55.556,33.333,22.222,11.111
YALVYFLQSINF,YALVYFLQSINF,1477.7,5.524,0.333,73.875,0.667,0.167,0.25,2980,2980,1.108,-0.242,0.8143,Probable Antigen,YALVYFLQSINF,0,0,2.8,130.0,YALVYFLQSINF,16.667,33.333,41.667,33.333,75.0,25.0,0.0,0.0,0.0
NTQEVFAQV,NTQEVFAQV,1035.108,4.05,0.111,4.1,0.333,0.111,0.222,0,0,-0.189,-1.237,0.197,Probable Non-Antigen,NTQEVFAQV,1,0,1.4,75.56,NTQEVFAQV,22.222,55.556,33.333,11.111,44.444,55.556,11.111,0.0,11.111
FRVQPTESIVRF,FRVQPTESIVRF,1478.694,9.599,0.167,50.242,0.417,0.167,0.083,0,0,-0.05,0.763,0.3221,Probable Non-Antigen,FRVQPTESIVRF,1,2,1.1,80.83,FRVQPTESIVRF,16.667,41.667,25.0,16.667,50.0,50.0,25.0,16.667,8.333
SASFSTFKCY,SASFSTFKCY,1140.265,7.919,0.3,6.31,0.3,0.3,0.1,1490,1490,0.16,0.448,0.3271,Probable Non-Antigen,SASFSTFKCY,0,1,1.9,10.0,SASFSTFKCY,60.0,60.0,10.0,30.0,50.0,50.0,10.0,10.0,0.0
SKPSKRSFI,SKPSKRSFI,1049.224,11.166,0.111,106.956,0.222,0.444,0.0,0,0,-1.0,2.458,0.691,Probable Antigen,SKPSKRSFI,0,3,1.9,43.33,SKPSKRSFI,33.333,44.444,11.111,11.111,33.333,66.667,33.333,33.333,0.0
FRVQPTESI,FRVQPTESI,1076.203,6.002,0.111,73.089,0.333,0.222,0.111,0,0,-0.344,-0.237,0.9396,Probable Antigen,FRVQPTESI,1,1,1.1,75.56,FRVQPTESI,22.222,44.444,22.222,11.111,44.444,55.556,22.222,11.111,11.111
TTLPKGFY,TTLPKGFY,926.066,8.256,0.25,62.964,0.375,0.25,0.125,1490,1490,-0.25,0.396,-0.416,Probable Non-Antigen,TTLPKGFY,0,1,7.2,48.75,TTLPKGFY,37.5,50.0,12.5,25.0,62.5,37.5,12.5,12.5,0.0
AYSNNSIAIPTNF,AYSNNSIAIPTNF,1411.515,5.569,0.154,-16.108,0.308,0.462,0.154,1490,1490,-0.023,-0.205,0.3847,Probable Non-Antigen,AYSNNSIAIPTNF,0,0,4.4,75.38,AYSNNSIAIPTNF,38.462,69.231,30.769,15.385,53.846,46.154,0.0,0.0,0.0
LYIIKLIFL,LYIIKLIFL,1135.48,8.591,0.222,-9.978,0.889,0.0,0.333,1490,1490,2.5,0.758,0.4865,Probable Non-Antigen,LYIIKLIFL,0,1,5.5,260.0,LYIIKLIFL,0.0,0.0,66.667,22.222,88.889,11.111,11.111,11.111,0.0
KTSVDCTMY,KTSVDCTMY,1047.203,5.828,0.111,54.722,0.222,0.111,0.111,1490,1490,-0.256,-0.251,1.1824,Probable Antigen,KTSVDCTMY,1,1,1.3,32.22,KTSVDCTMY,44.444,66.667,11.111,11.111,44.444,55.556,22.222,11.111,11.111
YSSANNCTF,YSSANNCTF,1006.047,5.517,0.222,77.022,0.222,0.444,0.111,1490,1490,-0.389,-0.251,-0.1036,Probable Non-Antigen,YSSANNCTF,0,0,2.8,11.11,YSSANNCTF,55.556,77.778,11.111,22.222,44.444,55.556,0.0,0.0,0.0
ATSRTLSYYK,ATSRTLSYYK,1189.318,9.701,0.2,40.6,0.3,0.2,0.2,2980,2980,-0.84,1.793,0.4317,Probable Non-Antigen,ATSRTLSYYK,0,2,4.4,49.0,ATSRTLSYYK,50.0,50.0,20.0,20.0,40.0,60.0,20.0,20.0,0.0
AIKLDDKDPNF,AIKLDDKDPNF,1275.407,4.429,0.091,-27.727,0.273,0.182,0.182,0,0,-0.955,-1.203,2.4182,Probable Antigen,AIKLDDKDPNF,3,2,4.4,80.0,AIKLDDKDPNF,9.091,54.545,27.273,9.091,45.455,54.545,45.455,18.182,27.273
VPVAIHADQLTPTW,VPVAIHADQLTPTW,1547.752,5.076,0.071,28.814,0.357,0.143,0.214,5500,5500,0.329,-1.178,0.4307,Probable Non-Antigen,VPVAIHADQLTPTW,1,0,100,111.43,VPVAIHADQLTPTW,28.571,64.286,42.857,14.286,64.286,35.714,14.286,7.143,7.143
QIAPGQTGK,QIAPGQTGK,899.003,8.75,0.0,11.422,0.111,0.333,0.111,0,0,-0.856,0.759,1.8297,Probable Antigen,QIAPGQTGK,0,1,0.8,54.44,QIAPGQTGK,44.444,55.556,22.222,0.0,55.556,44.444,11.111,11.111,0.0
QPYRVVVLSF,QPYRVVVLSF,1207.42,8.748,0.2,11.35,0.6,0.2,0.1,1490,1490,0.75,0.759,0.8458,Probable Antigen,QPYRVVVLSF,0,1,0.8,126.0,QPYRVVVLSF,10.0,50.0,40.0,20.0,70.0,30.0,10.0,10.0,0.0
ITPGTNTSNQVAVL,ITPGTNTSNQVAVL,1414.56,5.525,0.0,-24.35,0.286,0.357,0.143,0,0,0.221,-0.24,0.7791,Probable Antigen,ITPGTNTSNQVAVL,0,0,20,104.29,ITPGTNTSNQVAVL,42.857,78.571,35.714,0.0,50.0,50.0,0.0,0.0,0.0
KIADYNYKL,KIADYNYKL,1127.289,8.431,0.222,-19.411,0.444,0.111,0.222,2980,2980,-0.811,0.757,1.6639,Probable Antigen,KIADYNYKL,1,2,1.3,97.78,KIADYNYKL,11.111,33.333,33.333,22.222,55.556,44.444,33.333,22.222,11.111
APHGVVFLHV,APHGVVFLHV,1075.263,6.96,0.1,17.89,0.5,0.2,0.2,0,0,1.26,-0.03,0.3693,Probable Non-Antigen,APHGVVFLHV,0,0,4.4,136.0,APHGVVFLHV,20.0,60.0,50.0,30.0,80.0,20.0,20.0,20.0,0.0
KFPRGQGVPI,KFPRGQGVPI,1098.298,11.001,0.1,31.49,0.3,0.4,0.0,0,0,-0.44,1.759,-0.0153,Probable Non-Antigen,KFPRGQGVPI,0,2,1.3,68.0,KFPRGQGVPI,20.0,50.0,20.0,10.0,70.0,30.0,20.0,20.0,0.0
YTNSFTRGVY,YTNSFTRGVY,1207.291,8.59,0.3,-30.55,0.4,0.3,0.0,2980,2980,-0.62,0.758,-0.3695,Probable Non-Antigen,YTNSFTRGVY,0,1,2.8,29.0,YTNSFTRGVY,40.0,60.0,10.0,30.0,50.0,50.0,10.0,10.0,0.0
SSPDDQIGYYR,SSPDDQIGYYR,1300.33,4.207,0.182,47.818,0.273,0.364,0.0,2980,2980,-1.518,-1.54,0.1351,Probable Non-Antigen,SSPDDQIGYYR,2,1,1.9,35.45,SSPDDQIGYYR,27.273,54.545,9.091,18.182,45.455,54.545,27.273,9.091,18.182
VAAGLEAPF,VAAGLEAPF,873.992,4.05,0.111,51.689,0.333,0.222,0.556,0,0,1.189,-1.263,0.5497,Probable Antigen,VAAGLEAPF,1,0,100,108.89,VAAGLEAPF,44.444,66.667,55.556,11.111,88.889,11.111,11.111,0.0,11.111
RFLYIIKLIF,RFLYIIKLIF,1325.682,9.994,0.3,-7.98,0.8,0.0,0.2,1490,1490,1.7,1.758,0.4137,Probable Non-Antigen,RFLYIIKLIF,0,2,1,195.0,RFLYIIKLIF,0.0,0.0,50.0,30.0,80.0,20.0,20.0,20.0,0.0
VAYSNNSI,VAYSNNSI,866.915,5.494,0.125,8.75,0.375,0.5,0.125,1490,1490,0.075,-0.267,0.8904,Probable Antigen,VAYSNNSI,0,0,100,97.5,VAYSNNSI,37.5,75.0,37.5,12.5,50.0,50.0,0.0,0.0,0.0
TNSSPDDQIGYY,TNSSPDDQIGYY,1359.351,4.05,0.167,46.233,0.25,0.417,0.0,2980,2980,-1.367,-2.602,0.682,Probable Antigen,TNSSPDDQIGYY,2,0,7.2,32.5,TNSSPDDQIGYY,33.333,66.667,8.333,16.667,41.667,58.333,16.667,0.0,16.667
NSFTRGVYY,NSFTRGVYY,1106.187,8.59,0.333,4.789,0.444,0.333,0.0,2980,2980,-0.611,0.758,-0.1877,Probable Non-Antigen,NSFTRGVYY,0,1,1.4,32.22,NSFTRGVYY,33.333,55.556,11.111,33.333,55.556,44.444,11.111,11.111,0.0
LYDANYFL,LYDANYFL,1018.119,4.05,0.375,38.35,0.625,0.125,0.375,2980,2980,0.325,-1.241,0.2103,Probable Non-Antigen,LYDANYFL,1,0,5.5,110.0,LYDANYFL,12.5,37.5,37.5,37.5,75.0,25.0,12.5,0.0,12.5
AADLDDFSKQL,AADLDDFSKQL,1222.301,4.05,0.091,16.009,0.273,0.091,0.364,0,0,-0.427,-2.202,0.0251,Probable Non-Antigen,AADLDDFSKQL,3,1,4.4,89.09,AADLDDFSKQL,27.273,54.545,36.364,9.091,45.455,54.545,36.364,9.091,27.273
VGYLQPRTF,VGYLQPRTF,1080.236,8.718,0.222,52.978,0.444,0.222,0.111,1490,1490,-0.133,0.733,1.2441,Probable Antigen,VGYLQPRTF,0,1,100,75.56,VGYLQPRTF,22.222,44.444,22.222,22.222,66.667,33.333,11.111,11.111,0.0
FVSNGTHWF,FVSNGTHWF,1094.178,6.741,0.333,-20.444,0.444,0.333,0.0,5500,5500,0.033,-0.153,0.0807,Probable Non-Antigen,FVSNGTHWF,0,0,1.1,32.22,FVSNGTHWF,33.333,55.556,11.111,44.444,55.556,44.444,11.111,11.111,0.0
AGCLIGAEHVNNSY,AGCLIGAEHVNNSY,1447.572,5.242,0.071,11.593,0.286,0.357,0.286,1490,1490,0.143,-1.125,0.829,Probable Antigen,AGCLIGAEHVNNSY,1,0,4.4,90.71,AGCLIGAEHVNNSY,42.857,64.286,35.714,14.286,64.286,35.714,14.286,7.143,7.143
IYDEPTTTT,IYDEPTTTT,1040.078,4.05,0.111,56.6,0.222,0.111,0.111,1490,1490,-0.911,-2.237,0.2949,Probable Non-Antigen,IYDEPTTTT,2,0,20,43.33,IYDEPTTTT,44.444,66.667,11.111,11.111,33.333,66.667,22.222,0.0,22.222
VTPSGTWLTY,VTPSGTWLTY,1124.243,5.494,0.2,8.59,0.4,0.3,0.1,6990,6990,0.09,-0.267,0.3409,Probable Non-Antigen,VTPSGTWLTY,0,0,100,68.0,VTPSGTWLTY,50.0,70.0,20.0,20.0,60.0,40.0,0.0,0.0,0.0
HWPQIAQF,HWPQIAQF,1026.147,6.741,0.25,19.8,0.375,0.125,0.125,5500,5500,-0.45,-0.153,0.4161,Probable Non-Antigen,HWPQIAQF,0,0,3.5,61.25,HWPQIAQF,12.5,25.0,25.0,37.5,62.5,37.5,12.5,12.5,0.0
VATSRTLSY,VATSRTLSY,997.103,8.718,0.111,30.289,0.333,0.222,0.222,1490,1490,0.111,0.733,0.9457,Probable Antigen,VATSRTLSY,0,1,100,86.67,VATSRTLSY,55.556,66.667,33.333,11.111,44.444,55.556,11.111,11.111,0.0
FCNDPFLGV,FCNDPFLGV,1011.151,4.05,0.222,30.289,0.444,0.333,0.111,0,0,0.789,-1.249,0.4693,Probable Non-Antigen,FCNDPFLGV,1,0,1.1,75.56,FCNDPFLGV,22.222,66.667,22.222,22.222,77.778,22.222,11.111,0.0,11.111
ITLKKRWQL,ITLKKRWQL,1185.461,11.166,0.111,99.322,0.444,0.0,0.222,5500,5500,-0.589,2.758,1.9347,Probable Antigen,ITLKKRWQL,0,3,20,130.0,ITLKKRWQL,11.111,11.111,33.333,11.111,44.444,55.556,33.333,33.333,0.0
LEAPFLYLY,LEAPFLYLY,1128.315,4.05,0.333,51.689,0.667,0.111,0.556,2980,2980,0.922,-1.239,0.2503,Probable Non-Antigen,LEAPFLYLY,1,0,5.5,141.11,LEAPFLYLY,11.111,22.222,44.444,33.333,88.889,11.111,11.111,0.0,11.111
FRVQPTESIVRF,FRVQPTESIVRF,1478.694,9.599,0.167,50.242,0.417,0.167,0.083,0,0,-0.05,0.763,0.3221,Probable Non-Antigen,FRVQPTESIVRF,1,2,1.1,80.83,FRVQPTESIVRF,16.667,41.667,25.0,16.667,50.0,50.0,25.0,16.667,8.333
RVYSSANNCTF,RVYSSANNCTF,1261.364,8.222,0.182,57.982,0.273,0.364,0.091,1490,1490,-0.345,0.749,-0.2444,Probable Non-Antigen,RVYSSANNCTF,0,1,1,35.45,RVYSSANNCTF,45.455,72.727,18.182,18.182,45.455,54.545,9.091,9.091,0.0
DSGFAAYSRYR,DSGFAAYSRYR,1292.356,8.589,0.273,21.882,0.273,0.273,0.182,2980,2980,-0.973,0.759,1.1195,Probable Antigen,DSGFAAYSRYR,1,2,1.1,18.18,DSGFAAYSRYR,45.455,54.545,18.182,27.273,54.545,45.455,27.273,18.182,9.091
LYNSASFSTFK,LYNSASFSTFK,1264.382,8.591,0.273,6.645,0.364,0.364,0.182,1490,1490,-0.055,0.758,0.0623,Probable Non-Antigen,LYNSASFSTFK,0,1,5.5,44.55,LYNSASFSTFK,45.455,54.545,18.182,27.273,45.455,54.545,9.091,9.091,0.0
LMSFPQSAPHGVVF,LMSFPQSAPHGVVF,1516.761,6.741,0.143,105.921,0.357,0.357,0.214,0,0,0.686,-0.153,-0.0394,Probable Non-Antigen,LMSFPQSAPHGVVF,0,0,5.5,76.43,LMSFPQSAPHGVVF,28.571,57.143,28.571,21.429,71.429,28.571,7.143,7.143,0.0
SASFSTFKCY,SASFSTFKCY,1140.265,7.919,0.3,6.31,0.3,0.3,0.1,1490,1490,0.16,0.448,0.3271,Probable Non-Antigen,SASFSTFKCY,0,1,1.9,10.0,SASFSTFKCY,60.0,60.0,10.0,30.0,50.0,50.0,10.0,10.0,0.0
FAAYSRYRI,FAAYSRYRI,1146.298,9.986,0.333,3.122,0.444,0.111,0.222,2980,2980,-0.167,1.758,0.8787,Probable Antigen,FAAYSRYRI,0,2,1.1,65.56,FAAYSRYRI,33.333,33.333,33.333,33.333,66.667,33.333,22.222,22.222,0.0
LSPRWYFYY,LSPRWYFYY,1294.454,8.497,0.556,162.912,0.667,0.222,0.111,9970,9970,-0.567,0.757,1.2832,Probable Antigen,LSPRWYFYY,0,1,5.5,43.33,LSPRWYFYY,11.111,22.222,11.111,55.556,77.778,22.222,11.111,11.111,0.0
VLHSTQDLF,VLHSTQDLF,1059.172,5.076,0.111,21.911,0.444,0.111,0.222,0,0,0.322,-1.178,0.1734,Probable Non-Antigen,VLHSTQDLF,1,0,100,118.89,VLHSTQDLF,22.222,44.444,33.333,22.222,44.444,55.556,22.222,11.111,11.111
VYSSANNCTF,VYSSANNCTF,1105.178,5.488,0.2,62.78,0.3,0.4,0.1,1490,1490,0.07,-0.277,-0.1475,Probable Non-Antigen,VYSSANNCTF,0,0,100,39.0,VYSSANNCTF,50.0,80.0,20.0,20.0,50.0,50.0,0.0,0.0,0.0
QPYRVVVL,QPYRVVVL,973.169,8.748,0.125,11.688,0.625,0.125,0.125,1490,1490,0.688,0.759,0.5378,Probable Antigen,QPYRVVVL,0,1,0.8,157.5,QPYRVVVL,0.0,50.0,50.0,12.5,75.0,25.0,12.5,12.5,0.0
KAYNVTQAF,KAYNVTQAF,1041.157,8.591,0.222,-8.922,0.333,0.111,0.222,1490,1490,-0.256,0.758,0.5669,Probable Antigen,KAYNVTQAF,0,1,1.3,54.44,KAYNVTQAF,33.333,55.556,33.333,22.222,55.556,44.444,11.111,11.111,0.0
TECSNLLLQY,TECSNLLLQY,1183.331,4.05,0.1,97.26,0.4,0.2,0.4,1490,1490,0.06,-1.61,0.3653,Probable Non-Antigen,TECSNLLLQY,1,0,7.2,117.0,TECSNLLLQY,30.0,40.0,30.0,10.0,50.0,50.0,10.0,0.0,10.0
SVLNDILSR,SVLNDILSR,1016.149,5.553,0.0,51.689,0.444,0.333,0.222,0,0,0.356,-0.539,-0.7223,Probable Non-Antigen,SVLNDILSR,1,1,1.9,162.22,SVLNDILSR,22.222,55.556,44.444,0.0,44.444,55.556,22.222,11.111,11.111
YRVVVLSF,YRVVVLSF,982.176,8.748,0.25,-12.387,0.75,0.125,0.125,1490,1490,1.575,0.759,1.0626,Probable Antigen,YRVVVLSF,0,1,2.8,157.5,YRVVVLSF,12.5,50.0,50.0,25.0,75.0,25.0,12.5,12.5,0.0
FRVQPTESI,FRVQPTESI,1076.203,6.002,0.111,73.089,0.333,0.222,0.111,0,0,-0.344,-0.237,0.9396,Probable Antigen,FRVQPTESI,1,1,1.1,75.56,FRVQPTESI,22.222,44.444,22.222,11.111,44.444,55.556,22.222,11.111,11.111
YNVTQAFGR,YNVTQAFGR,1055.144,8.748,0.222,-8.922,0.333,0.222,0.111,1490,1490,-0.567,0.759,-0.11,Probable Non-Antigen,YNVTQAFGR,0,1,2.8,43.33,YNVTQAFGR,33.333,55.556,22.222,22.222,55.556,44.444,11.111,11.111,0.0
SYFTSDYYQLY,SYFTSDYYQLY,1449.515,4.05,0.455,20.309,0.545,0.182,0.091,5960,5960,-0.718,-1.543,-0.0753,Probable Non-Antigen,SYFTSDYYQLY,1,0,1.9,35.45,SYFTSDYYQLY,27.273,36.364,9.091,45.455,54.545,45.455,9.091,0.0,9.091
RFDNPVLPF,RFDNPVLPF,1104.258,5.836,0.222,83.6,0.444,0.333,0.111,0,0,-0.122,-0.239,0.1828,Probable Non-Antigen,RFDNPVLPF,1,1,1,75.56,RFDNPVLPF,0.0,55.556,22.222,22.222,66.667,33.333,22.222,11.111,11.111
GRLQSLQTY,GRLQSLQTY,1065.18,8.748,0.111,130.156,0.333,0.222,0.222,1490,1490,-0.789,0.759,-0.0743,Probable Non-Antigen,GRLQSLQTY,0,1,30,86.67,GRLQSLQTY,33.333,33.333,22.222,11.111,44.444,55.556,11.111,11.111,0.0
PFLYLYALVYF,PFLYLYALVYF,1408.679,5.94,0.455,41.273,0.818,0.091,0.364,4470,4470,1.591,-0.044,0.3736,Probable Non-Antigen,PFLYLYALVYF,0,0,>20,141.82,PFLYLYALVYF,9.091,27.273,45.455,45.455,100.0,0.0,0.0,0.0,0.0
GTITSGWTF,GTITSGWTF,969.048,5.525,0.222,10.178,0.333,0.333,0.0,5500,5500,0.3,-0.24,0.3272,Probable Non-Antigen,GTITSGWTF,0,0,30,43.33,GTITSGWTF,66.667,66.667,11.111,22.222,55.556,44.444,0.0,0.0,0.0
NRFLYIIKL,NRFLYIIKL,1179.453,9.994,0.222,-9.978,0.667,0.111,0.222,1490,1490,0.689,1.758,0.3128,Probable Non-Antigen,NRFLYIIKL,0,2,1.4,173.33,NRFLYIIKL,0.0,11.111,44.444,22.222,66.667,33.333,22.222,22.222,0.0
YTMSLGAENSVAY,YTMSLGAENSVAY,1405.528,4.05,0.154,29.969,0.308,0.308,0.385,2980,2980,0.092,-1.239,0.5713,Probable Antigen,YTMSLGAENSVAY,1,0,2.8,67.69,YTMSLGAENSVAY,46.154,61.538,30.769,15.385,61.538,38.462,7.692,0.0,7.692
IPIGAGICA,IPIGAGICA,814.005,5.518,0.0,-13.178,0.333,0.333,0.222,0,0,1.911,-0.25,0.8901,Probable Antigen,IPIGAGICA,0,0,20,152.22,IPIGAGICA,55.556,66.667,55.556,0.0,100.0,0.0,0.0,0.0,0.0
NSFTRGVYY,NSFTRGVYY,1106.187,8.59,0.333,4.789,0.444,0.333,0.0,2980,2980,-0.611,0.758,-0.1877,Probable Non-Antigen,NSFTRGVYY,0,1,1.4,32.22,NSFTRGVYY,33.333,55.556,11.111,33.333,55.556,44.444,11.111,11.111,0.0
VGYLQPRTF,VGYLQPRTF,1080.236,8.718,0.222,52.978,0.444,0.222,0.111,1490,1490,-0.133,0.733,1.2441,Probable Antigen,VGYLQPRTF,0,1,100,75.56,VGYLQPRTF,22.222,44.444,22.222,22.222,66.667,33.333,11.111,11.111,0.0
SYLTPGDSSSGW,SYLTPGDSSSGW,1256.274,4.05,0.167,67.6,0.25,0.583,0.083,6990,6990,-0.683,-1.54,0.5453,Probable Antigen,SYLTPGDSSSGW,1,0,1.9,32.5,SYLTPGDSSSGW,58.333,75.0,8.333,16.667,50.0,50.0,8.333,0.0,8.333
YTNSFTRGV,YTNSFTRGV,1044.118,8.748,0.222,-26.678,0.333,0.333,0.0,1490,1490,-0.544,0.759,-0.6177,Probable Non-Antigen,YTNSFTRGV,0,1,2.8,32.22,YTNSFTRGV,44.444,66.667,11.111,22.222,44.444,55.556,11.111,11.111,0.0
LALSKGVHF,LALSKGVHF,971.153,8.757,0.111,-12.067,0.444,0.222,0.333,0,0,0.9,0.846,1.1343,Probable Antigen,LALSKGVHF,0,1,5.5,130.0,LALSKGVHF,33.333,44.444,44.444,22.222,66.667,33.333,22.222,22.222,0.0
LEAPFLYLY,LEAPFLYLY,1128.315,4.05,0.333,51.689,0.667,0.111,0.556,2980,2980,0.922,-1.239,0.2503,Probable Non-Antigen,LEAPFLYLY,1,0,5.5,141.11,LEAPFLYLY,11.111,22.222,44.444,33.333,88.889,11.111,11.111,0.0,11.111
SELVIGAVI,SELVIGAVI,900.071,4.05,0.0,20.856,0.556,0.222,0.333,0,0,2.033,-1.537,0.6409,Probable Antigen,SELVIGAVI,1,0,1.9,205.56,SELVIGAVI,33.333,55.556,66.667,0.0,77.778,22.222,11.111,0.0,11.111
FVTVYSHLL,FVTVYSHLL,1078.26,6.74,0.222,-8.922,0.667,0.111,0.222,1490,1490,1.422,-0.154,-0.2515,Probable Non-Antigen,FVTVYSHLL,0,0,1.1,151.11,FVTVYSHLL,22.222,44.444,44.444,33.333,66.667,33.333,11.111,11.111,0.0
RYRIGNYKL,RYRIGNYKL,1182.375,10.278,0.222,-37.144,0.444,0.222,0.111,2980,2980,-1.233,2.757,-0.0107,Probable Non-Antigen,RYRIGNYKL,0,3,1,86.67,RYRIGNYKL,11.111,22.222,22.222,22.222,55.556,44.444,33.333,33.333,0.0
ITVEELKKL,ITVEELKKL,1072.296,6.143,0.0,26.244,0.444,0.0,0.444,0,0,0.089,-0.236,0.4904,Probable Non-Antigen,ITVEELKKL,2,2,20,162.22,ITVEELKKL,11.111,22.222,44.444,0.0,44.444,55.556,44.444,22.222,22.222
FSKQLQQSM,FSKQLQQSM,1096.257,8.75,0.111,141.6,0.222,0.222,0.222,0,0,-0.833,0.759,0.1526,Probable Non-Antigen,FSKQLQQSM,0,1,1.1,43.33,FSKQLQQSM,22.222,22.222,11.111,11.111,33.333,66.667,11.111,11.111,0.0
NIDGYFKI,NIDGYFKI,969.091,5.835,0.25,23.662,0.5,0.25,0.0,1490,1490,-0.1,-0.241,-0.0151,Probable Non-Antigen,NIDGYFKI,1,1,1.4,97.5,NIDGYFKI,12.5,37.5,25.0,25.0,62.5,37.5,25.0,12.5,12.5
GYLQPRTFLL,GYLQPRTFLL,1207.42,8.748,0.2,57.17,0.5,0.2,0.3,1490,1490,0.22,0.759,0.7535,Probable Antigen,GYLQPRTFLL,0,1,30,117.0,GYLQPRTFLL,20.0,30.0,30.0,20.0,70.0,30.0,10.0,10.0,0.0
LVRDLPQGF,LVRDLPQGF,1044.204,5.836,0.111,51.689,0.444,0.222,0.222,0,0,0.122,-0.239,0.1234,Probable Non-Antigen,LVRDLPQGF,1,1,5.5,118.89,LVRDLPQGF,11.111,44.444,33.333,11.111,66.667,33.333,22.222,11.111,11.111
IGAGICASY,IGAGICASY,853.982,5.517,0.111,-9.978,0.333,0.333,0.222,1490,1490,1.356,-0.251,0.6368,Probable Antigen,IGAGICASY,0,0,20,108.89,IGAGICASY,66.667,66.667,44.444,11.111,88.889,11.111,0.0,0.0,0.0
QIYKTPPIK,QIYKTPPIK,1087.312,9.703,0.111,20.856,0.333,0.222,0.0,1490,1490,-0.833,1.757,-0.0833,Probable Non-Antigen,QIYKTPPIK,0,2,0.8,86.67,QIYKTPPIK,11.111,33.333,22.222,11.111,55.556,44.444,22.222,22.222,0.0
YKTFPPTEPKK,YKTFPPTEPKK,1335.547,9.528,0.182,90.345,0.182,0.273,0.091,1490,1490,-1.809,1.759,0.7617,Probable Antigen,YKTFPPTEPKK,1,3,2.8,0.0,YKTFPPTEPKK,18.182,45.455,0.0,18.182,45.455,54.545,36.364,27.273,9.091
FASTEKSNI,FASTEKSNI,996.072,6.001,0.111,79.111,0.222,0.333,0.222,0,0,-0.456,-0.238,1.0137,Probable Antigen,FASTEKSNI,1,1,1.1,54.44,FASTEKSNI,44.444,55.556,22.222,11.111,33.333,66.667,22.222,11.111,11.111
KAYNVTQAF,KAYNVTQAF,1041.157,8.591,0.222,-8.922,0.333,0.111,0.222,1490,1490,-0.256,0.758,0.5669,Probable Antigen,KAYNVTQAF,0,1,1.3,54.44,KAYNVTQAF,33.333,55.556,33.333,22.222,55.556,44.444,11.111,11.111,0.0
QFAPSASAF,QFAPSASAF,924.996,5.525,0.222,43.311,0.222,0.333,0.333,0,0,0.478,-0.24,0.5495,Probable Antigen,QFAPSASAF,0,0,0.8,33.33,QFAPSASAF,55.556,66.667,33.333,22.222,66.667,33.333,0.0,0.0,0.0
EVTPSGTWLTY,EVTPSGTWLTY,1253.356,4.05,0.182,8.718,0.364,0.273,0.182,6990,6990,-0.236,-1.164,0.6364,Probable Antigen,EVTPSGTWLTY,1,0,1,61.82,EVTPSGTWLTY,45.455,63.636,18.182,18.182,54.545,45.455,9.091,0.0,9.091
LLLLFVTVY,LLLLFVTVY,1080.359,5.524,0.222,-8.922,0.889,0.0,0.444,1490,1490,2.711,-0.241,0.3277,Probable Non-Antigen,LLLLFVTVY,0,0,5.5,237.78,LLLLFVTVY,11.111,33.333,66.667,22.222,88.889,11.111,0.0,0.0,0.0
WLLWPVTLA,WLLWPVTLA,1098.336,5.525,0.222,60.878,0.667,0.111,0.444,11000,11000,1.478,-0.24,1.0631,Probable Antigen,WLLWPVTLA,0,0,2.8,173.33,WLLWPVTLA,22.222,44.444,55.556,22.222,88.889,11.111,0.0,0.0,0.0
GVVFLHVTY,GVVFLHVTY,1034.207,6.74,0.222,-0.544,0.667,0.111,0.111,1490,1490,1.511,-0.154,1.4104,Probable Antigen,GVVFLHVTY,0,0,30,140.0,GVVFLHVTY,22.222,55.556,44.444,33.333,77.778,22.222,11.111,11.111,0.0
LGAENSVAY,LGAENSVAY,922.978,4.05,0.111,-0.544,0.333,0.333,0.444,1490,1490,0.233,-1.238,0.4173,Probable Non-Antigen,LGAENSVAY,1,0,5.5,97.78,LGAENSVAY,44.444,66.667,44.444,11.111,66.667,33.333,11.111,0.0,11.111
QSAPHGVVFLHVTY,QSAPHGVVFLHVTY,1554.746,6.917,0.143,40.957,0.429,0.214,0.143,1490,1490,0.45,-0.067,0.8073,Probable Antigen,QSAPHGVVFLHVTY,0,0,0.8,97.14,QSAPHGVVFLHVTY,28.571,57.143,35.714,28.571,64.286,35.714,14.286,14.286,0.0
YLQPRTFLL,YLQPRTFLL,1150.369,8.748,0.222,71.844,0.556,0.111,0.333,1490,1490,0.289,0.759,0.4532,Probable Non-Antigen,YLQPRTFLL,0,1,2.8,130.0,YLQPRTFLL,11.111,22.222,33.333,22.222,66.667,33.333,11.111,11.111,0.0
TSNQVAVLY,TSNQVAVLY,994.099,5.185,0.111,-7.867,0.444,0.222,0.222,1490,1490,0.467,-0.603,0.4387,Probable Non-Antigen,TSNQVAVLY,0,0,7.2,118.89,TSNQVAVLY,33.333,66.667,44.444,11.111,55.556,44.444,0.0,0.0,0.0
DSGFAAYSR,DSGFAAYSR,972.997,5.836,0.222,51.689,0.222,0.333,0.222,1490,1490,-0.544,-0.24,1.1733,Probable Antigen,DSGFAAYSR,1,1,1.1,22.22,DSGFAAYSR,55.556,66.667,22.222,22.222,55.556,44.444,22.222,11.111,11.111
VVFLHVTY,VVFLHVTY,977.156,6.71,0.25,-1.863,0.75,0.0,0.125,1490,1490,1.75,-0.18,1.4573,Probable Antigen,VVFLHVTY,0,0,100,157.5,VVFLHVTY,12.5,50.0,50.0,37.5,75.0,25.0,12.5,12.5,0.0
KLNDLCFTNVY,KLNDLCFTNVY,1329.52,5.828,0.182,-19.145,0.455,0.182,0.182,1490,1490,0.064,-0.251,2.2239,Probable Antigen,KLNDLCFTNVY,1,1,1.3,97.27,KLNDLCFTNVY,18.182,54.545,27.273,18.182,54.545,45.455,18.182,9.091,9.091
LPPAYTNSF,LPPAYTNSF,1009.112,5.524,0.222,46.956,0.333,0.444,0.222,1490,1490,-0.122,-0.241,0.3775,Probable Non-Antigen,LPPAYTNSF,0,0,5.5,54.44,LPPAYTNSF,33.333,66.667,22.222,22.222,66.667,33.333,0.0,0.0,0.0
RLQSLQTYV,RLQSLQTYV,1107.26,8.748,0.111,130.156,0.444,0.111,0.222,1490,1490,-0.278,0.759,-0.2167,Probable Non-Antigen,RLQSLQTYV,0,1,1,118.89,RLQSLQTYV,22.222,33.333,33.333,11.111,44.444,55.556,11.111,11.111,0.0
SEPVLKGVKL,SEPVLKGVKL,1069.295,8.311,0.0,38.43,0.4,0.3,0.3,0,0,0.19,0.461,1.0654,Probable Antigen,SEPVLKGVKL,1,2,1.9,136.0,SEPVLKGVKL,20.0,50.0,40.0,0.0,60.0,40.0,30.0,20.0,10.0
ATSRTLSYY,ATSRTLSYY,1061.145,8.634,0.222,44.0,0.333,0.222,0.222,2980,2980,-0.5,0.794,0.6108,Probable Antigen,ATSRTLSYY,0,1,4.4,54.44,ATSRTLSYY,55.556,55.556,22.222,22.222,44.444,55.556,11.111,11.111,0.0
APSASAFFGM,APSASAFFGM,985.114,5.57,0.2,47.52,0.2,0.4,0.4,0,0,0.93,-0.204,0.329,Probable Non-Antigen,APSASAFFGM,0,0,4.4,30.0,APSASAFFGM,60.0,70.0,30.0,20.0,80.0,20.0,0.0,0.0,0.0
RLQSLQTY,RLQSLQTY,1008.129,8.748,0.125,145.175,0.375,0.125,0.25,1490,1490,-0.838,0.759,0.0589,Probable Non-Antigen,RLQSLQTY,0,1,1,97.5,RLQSLQTY,25.0,25.0,25.0,12.5,37.5,62.5,12.5,12.5,0.0
TPSGTWLTY,TPSGTWLTY,1025.111,5.185,0.222,17.867,0.333,0.333,0.111,6990,6990,-0.367,-0.603,0.1452,Probable Non-Antigen,TPSGTWLTY,0,0,7.2,43.33,TPSGTWLTY,55.556,66.667,11.111,22.222,55.556,44.444,0.0,0.0,0.0
INTNSSPDDQIGYY,INTNSSPDDQIGYY,1586.611,4.05,0.143,34.993,0.286,0.429,0.0,2980,2980,-1.1,-2.24,0.5326,Probable Antigen,INTNSSPDDQIGYY,2,0,20,55.71,INTNSSPDDQIGYY,28.571,64.286,14.286,14.286,42.857,57.143,14.286,0.0,14.286
NCVADYSVLY,NCVADYSVLY,1146.269,4.05,0.2,-9.91,0.5,0.2,0.2,2980,2980,0.61,-1.251,-0.1358,Probable Non-Antigen,NCVADYSVLY,1,0,1.4,107.0,NCVADYSVLY,30.0,70.0,40.0,20.0,70.0,30.0,10.0,0.0,10.0
QYIKWPWYIWL,QYIKWPWYIWL,1595.881,8.497,0.455,3.118,0.727,0.091,0.091,19480,19480,-0.136,0.757,0.8484,Probable Antigen,QYIKWPWYIWL,0,1,0.8,106.36,QYIKWPWYIWL,0.0,9.091,27.273,45.455,81.818,18.182,9.091,9.091,0.0
NVPLHGTIL,NVPLHGTIL,963.131,6.741,0.0,30.733,0.444,0.333,0.222,0,0,0.767,-0.153,-0.1458,Probable Non-Antigen,NVPLHGTIL,0,0,1.4,162.22,NVPLHGTIL,22.222,55.556,44.444,11.111,66.667,33.333,11.111,11.111,0.0
IQDSLSSTA,IQDSLSSTA,920.961,4.05,0.0,73.089,0.222,0.333,0.222,0,0,0.0,-1.239,0.4433,Probable Non-Antigen,IQDSLSSTA,1,0,20,97.78,IQDSLSSTA,55.556,66.667,33.333,0.0,33.333,66.667,11.111,0.0,11.111
VRFPNITNL,VRFPNITNL,1073.245,9.72,0.111,62.411,0.444,0.333,0.111,0,0,0.167,0.734,1.1141,Probable Antigen,VRFPNITNL,0,1,100,118.89,VRFPNITNL,11.111,55.556,33.333,11.111,55.556,44.444,11.111,11.111,0.0
EVQIDRLITGR,EVQIDRLITGR,1299.476,6.17,0.0,-5.482,0.364,0.091,0.182,0,0,-0.327,-0.162,-0.6836,Probable Non-Antigen,EVQIDRLITGR,2,2,1,132.73,EVQIDRLITGR,18.182,36.364,36.364,0.0,45.455,54.545,36.364,18.182,18.182
FCNDPFLGVY,FCNDPFLGVY,1174.324,4.05,0.3,20.72,0.5,0.3,0.1,1490,1490,0.58,-1.25,0.2713,Probable Non-Antigen,FCNDPFLGVY,1,0,1.1,68.0,FCNDPFLGVY,20.0,60.0,20.0,30.0,80.0,20.0,10.0,0.0,10.0
NFYEPQIITTDNTF,NFYEPQIITTDNTF,1702.814,4.05,0.214,46.715,0.357,0.214,0.071,1490,1490,-0.564,-2.237,0.4308,Probable Non-Antigen,NFYEPQIITTDNTF,2,0,1.4,55.71,NFYEPQIITTDNTF,21.429,50.0,14.286,21.429,42.857,57.143,14.286,0.0,14.286
FAAYSRYRI,FAAYSRYRI,1146.298,9.986,0.333,3.122,0.444,0.111,0.222,2980,2980,-0.167,1.758,0.8787,Probable Antigen,FAAYSRYRI,0,2,1.1,65.56,FAAYSRYRI,33.333,33.333,33.333,33.333,66.667,33.333,22.222,22.222,0.0
KMKDLSPRWYF,KMKDLSPRWYF,1470.736,9.7,0.273,123.891,0.364,0.182,0.182,6990,6990,-1.082,1.758,1.4317,Probable Antigen,KMKDLSPRWYF,1,3,1.3,35.45,KMKDLSPRWYF,9.091,27.273,9.091,27.273,54.545,45.455,36.364,27.273,9.091
YFIASFRLF,YFIASFRLF,1163.366,8.748,0.444,8.889,0.667,0.111,0.222,1490,1490,1.322,0.759,-0.1142,Probable Non-Antigen,YFIASFRLF,0,1,2.8,97.78,YFIASFRLF,22.222,22.222,33.333,44.444,77.778,22.222,11.111,11.111,0.0
DSKTQSLL,DSKTQSLL,890.978,5.836,0.0,78.325,0.25,0.25,0.25,0,0,-0.7,-0.24,0.5052,Probable Antigen,DSKTQSLL,1,1,1.1,97.5,DSKTQSLL,37.5,50.0,25.0,0.0,25.0,75.0,25.0,12.5,12.5
WTAGAAAYY,WTAGAAAYY,973.038,5.524,0.333,-3.533,0.333,0.111,0.444,8480,8480,0.289,-0.242,0.6306,Probable Antigen,WTAGAAAYY,0,0,2.8,44.44,WTAGAAAYY,66.667,66.667,44.444,33.333,88.889,11.111,0.0,0.0,0.0
ALQIPFAMQMAY,ALQIPFAMQMAY,1383.677,5.569,0.167,53.983,0.333,0.083,0.5,1490,1490,0.867,-0.205,0.9882,Probable Antigen,ALQIPFAMQMAY,0,0,4.4,90.0,ALQIPFAMQMAY,25.0,33.333,41.667,16.667,83.333,16.667,0.0,0.0,0.0
LGAENSVAY,LGAENSVAY,922.978,4.05,0.111,-0.544,0.333,0.333,0.444,1490,1490,0.233,-1.238,0.4173,Probable Non-Antigen,LGAENSVAY,1,0,5.5,97.78,LGAENSVAY,44.444,66.667,44.444,11.111,66.667,33.333,11.111,0.0,11.111
VAGDSGFAAY,VAGDSGFAAY,956.994,4.05,0.2,28.26,0.3,0.3,0.3,1490,1490,0.6,-1.266,0.589,Probable Antigen,VAGDSGFAAY,1,0,100,59.0,VAGDSGFAAY,60.0,80.0,40.0,20.0,80.0,20.0,10.0,0.0,10.0
MSDNGPQNQ,MSDNGPQNQ,990.006,4.05,0.0,54.033,0.0,0.556,0.111,0,0,-2.044,-1.499,0.0243,Probable Non-Antigen,MSDNGPQNQ,1,0,30,0.0,MSDNGPQNQ,22.222,66.667,0.0,0.0,33.333,66.667,11.111,0.0,11.111
HVTFFIYNK,HVTFFIYNK,1168.343,8.598,0.333,39.478,0.556,0.111,0.0,1490,1490,0.189,0.845,0.9862,Probable Antigen,HVTFFIYNK,0,1,3.5,75.56,HVTFFIYNK,11.111,33.333,22.222,44.444,55.556,44.444,22.222,22.222,0.0
NNAAIVLQL,NNAAIVLQL,955.109,5.525,0.0,35.678,0.444,0.222,0.444,0,0,1.044,-0.24,0.8662,Probable Antigen,NNAAIVLQL,0,0,1.4,184.44,NNAAIVLQL,22.222,55.556,66.667,0.0,66.667,33.333,0.0,0.0,0.0
SIIAYTMSL,SIIAYTMSL,998.194,5.24,0.111,48.278,0.444,0.222,0.333,1490,1490,1.433,-0.541,0.5234,Probable Antigen,SIIAYTMSL,0,0,1.9,141.11,SIIAYTMSL,44.444,44.444,44.444,11.111,66.667,33.333,0.0,0.0,0.0
FLYLYALVY,FLYLYALVY,1164.39,5.523,0.444,26.822,0.889,0.0,0.444,4470,4470,1.811,-0.243,0.1273,Probable Non-Antigen,FLYLYALVY,0,0,1.1,173.33,FLYLYALVY,11.111,22.222,55.556,44.444,100.0,0.0,0.0,0.0,0.0
YSSANNCTF,YSSANNCTF,1006.047,5.517,0.222,77.022,0.222,0.444,0.111,1490,1490,-0.389,-0.251,-0.1036,Probable Non-Antigen,YSSANNCTF,0,0,2.8,11.11,YSSANNCTF,55.556,77.778,11.111,22.222,44.444,55.556,0.0,0.0,0.0
HWFVTQRNF,HWFVTQRNF,1234.364,9.757,0.333,-15.111,0.444,0.111,0.0,5500,5500,-0.722,0.847,0.746,Probable Antigen,HWFVTQRNF,0,1,3.5,32.22,HWFVTQRNF,11.111,33.333,11.111,44.444,44.444,55.556,22.222,22.222,0.0
VRATATIPI,VRATATIPI,941.126,9.72,0.0,5.689,0.333,0.111,0.222,0,0,1.033,0.734,0.7515,Probable Antigen,VRATATIPI,0,1,100,141.11,VRATATIPI,44.444,66.667,55.556,0.0,66.667,33.333,11.111,11.111,0.0
VGYLQPRTFL,VGYLQPRTFL,1193.394,8.718,0.2,48.68,0.5,0.2,0.2,1490,1490,0.26,0.733,0.797,Probable Antigen,VGYLQPRTFL,0,1,100,107.0,VGYLQPRTFL,20.0,40.0,30.0,20.0,70.0,30.0,10.0,10.0,0.0
DPNFKDQVILL,DPNFKDQVILL,1301.487,4.208,0.091,-7.582,0.455,0.182,0.182,0,0,-0.036,-1.239,1.5203,Probable Antigen,DPNFKDQVILL,2,1,1.1,132.73,DPNFKDQVILL,0.0,45.455,36.364,9.091,54.545,45.455,27.273,9.091,18.182
RFDNPVLPF,RFDNPVLPF,1104.258,5.836,0.222,83.6,0.444,0.333,0.111,0,0,-0.122,-0.239,0.1828,Probable Non-Antigen,RFDNPVLPF,1,1,1,75.56,RFDNPVLPF,0.0,55.556,22.222,22.222,66.667,33.333,22.222,11.111,11.111
YSSANNCTF,YSSANNCTF,1006.047,5.517,0.222,77.022,0.222,0.444,0.111,1490,1490,-0.389,-0.251,-0.1036,Probable Non-Antigen,YSSANNCTF,0,0,2.8,11.11,YSSANNCTF,55.556,77.778,11.111,22.222,44.444,55.556,0.0,0.0,0.0
VYADSFVIR,VYADSFVIR,1069.21,5.806,0.222,38.789,0.556,0.111,0.111,1490,1490,0.822,-0.266,-0.2347,Probable Non-Antigen,VYADSFVIR,1,1,100,118.89,VYADSFVIR,22.222,55.556,44.444,22.222,66.667,33.333,22.222,11.111,11.111
FARTRSMWSF,FARTRSMWSF,1288.477,12.0,0.3,52.94,0.3,0.2,0.2,5500,5500,-0.29,1.76,0.9202,Probable Antigen,FARTRSMWSF,0,2,1.1,10.0,FARTRSMWSF,40.0,40.0,10.0,30.0,50.0,50.0,20.0,20.0,0.0
KVGGNYNYLY,KVGGNYNYLY,1190.304,8.431,0.3,-4.13,0.5,0.4,0.1,4470,4470,-0.76,0.756,0.5338,Probable Antigen,KVGGNYNYLY,0,1,1.3,68.0,KVGGNYNYLY,20.0,50.0,20.0,30.0,70.0,30.0,10.0,10.0,0.0
FFSNVTWF,FFSNVTWF,1047.161,5.525,0.5,-20.65,0.625,0.25,0.0,5500,5500,0.837,-0.24,0.4403,Probable Non-Antigen,FFSNVTWF,0,0,1.1,36.25,FFSNVTWF,25.0,50.0,12.5,50.0,62.5,37.5,0.0,0.0,0.0
LYALVYFL,LYALVYFL,1001.217,5.524,0.375,28.925,0.875,0.0,0.5,2980,2980,2.2,-0.242,-0.0594,Probable Non-Antigen,LYALVYFL,0,0,5.5,195.0,LYALVYFL,12.5,25.0,62.5,37.5,100.0,0.0,0.0,0.0,0.0
KYEQYIKWPWYI,KYEQYIKWPWYI,1716.973,8.379,0.417,3.175,0.583,0.083,0.083,15470,15470,-1.092,0.758,1.1033,Probable Antigen,KYEQYIKWPWYI,1,2,1.3,65.0,KYEQYIKWPWYI,0.0,8.333,16.667,41.667,66.667,33.333,25.0,16.667,8.333
DPLQPELDSF,DPLQPELDSF,1160.23,4.05,0.1,97.5,0.3,0.3,0.3,0,0,-0.76,-3.235,0.1554,Probable Non-Antigen,DPLQPELDSF,3,0,1.1,78.0,DPLQPELDSF,10.0,50.0,20.0,10.0,50.0,50.0,30.0,0.0,30.0
LPFFSNVTWF,LPFFSNVTWF,1257.434,5.525,0.4,24.0,0.6,0.3,0.1,5500,5500,0.89,-0.24,0.6567,Probable Antigen,LPFFSNVTWF,0,0,5.5,68.0,LPFFSNVTWF,20.0,50.0,20.0,40.0,70.0,30.0,0.0,0.0,0.0
IAIPTNFTI,IAIPTNFTI,989.165,5.525,0.111,-27.711,0.444,0.222,0.111,0,0,1.289,-0.24,0.7052,Probable Antigen,IAIPTNFTI,0,0,20,141.11,IAIPTNFTI,33.333,55.556,44.444,11.111,66.667,33.333,0.0,0.0,0.0
QSAPHGVVF,QSAPHGVVF,941.041,6.741,0.111,67.589,0.333,0.333,0.111,0,0,0.389,-0.153,0.2234,Probable Non-Antigen,QSAPHGVVF,0,0,0.8,75.56,QSAPHGVVF,33.333,66.667,33.333,22.222,66.667,33.333,11.111,11.111,0.0
FLCWHTNCY,FLCWHTNCY,1186.361,6.722,0.333,33.233,0.444,0.111,0.111,6990,7115,0.222,-0.174,0.8927,Probable Antigen,FLCWHTNCY,0,0,1.1,43.33,FLCWHTNCY,33.333,44.444,11.111,44.444,66.667,33.333,11.111,11.111,0.0
ELKKLLEQW,ELKKLLEQW,1186.4,6.241,0.111,11.422,0.444,0.0,0.556,5500,5500,-0.867,-0.162,-1.2539,Probable Non-Antigen,ELKKLLEQW,2,2,1,130.0,ELKKLLEQW,0.0,0.0,33.333,11.111,44.444,55.556,44.444,22.222,22.222
TRFQTLLAL,TRFQTLLAL,1062.263,9.41,0.111,8.889,0.444,0.0,0.444,0,0,0.733,0.398,0.3406,Probable Non-Antigen,TRFQTLLAL,0,1,7.2,141.11,TRFQTLLAL,33.333,33.333,44.444,11.111,55.556,44.444,11.111,11.111,0.0
LPPLLTDEMIAQY,LPPLLTDEMIAQY,1503.758,4.05,0.077,33.062,0.385,0.154,0.462,1490,1490,0.3,-2.237,0.3155,Probable Non-Antigen,LPPLLTDEMIAQY,2,0,5.5,127.69,LPPLLTDEMIAQY,15.385,38.462,38.462,7.692,69.231,30.769,15.385,0.0,15.385
GAENSVAY,GAENSVAY,809.82,4.05,0.125,-1.863,0.25,0.375,0.375,1490,1490,-0.212,-1.238,-0.0849,Probable Non-Antigen,GAENSVAY,1,0,30,61.25,GAENSVAY,50.0,75.0,37.5,12.5,62.5,37.5,12.5,0.0,12.5
SYFTSDYYQLY,SYFTSDYYQLY,1449.515,4.05,0.455,20.309,0.545,0.182,0.091,5960,5960,-0.718,-1.543,-0.0753,Probable Non-Antigen,SYFTSDYYQLY,1,0,1.9,35.45,SYFTSDYYQLY,27.273,36.364,9.091,45.455,54.545,45.455,9.091,0.0,9.091
FTISVTTEIL,FTISVTTEIL,1123.296,4.05,0.1,58.29,0.5,0.1,0.2,0,0,1.34,-1.237,0.5849,Probable Antigen,FTISVTTEIL,1,0,1.1,146.0,FTISVTTEIL,40.0,50.0,40.0,10.0,50.0,50.0,10.0,0.0,10.0
KAYNVTQAF,KAYNVTQAF,1041.157,8.591,0.222,-8.922,0.333,0.111,0.222,1490,1490,-0.256,0.758,0.5669,Probable Antigen,KAYNVTQAF,0,1,1.3,54.44,KAYNVTQAF,33.333,55.556,33.333,22.222,55.556,44.444,11.111,11.111,0.0
IAPGQTGKI,IAPGQTGKI,884.032,8.75,0.0,1.989,0.222,0.333,0.111,0,0,0.033,0.759,1.6527,Probable Antigen,IAPGQTGKI,0,1,20,97.78,IAPGQTGKI,44.444,55.556,33.333,0.0,66.667,33.333,11.111,11.111,0.0
LLDRLNQL,LLDRLNQL,984.151,5.836,0.0,-10.1,0.5,0.125,0.5,0,0,0.025,-0.239,0.2204,Probable Non-Antigen,LLDRLNQL,1,1,5.5,195.0,LLDRLNQL,0.0,25.0,50.0,0.0,50.0,50.0,25.0,12.5,12.5
ESLIDLQELGKY,ESLIDLQELGKY,1407.564,4.138,0.083,61.358,0.417,0.167,0.417,1490,1490,-0.375,-2.161,0.5271,Probable Antigen,ESLIDLQELGKY,3,1,1,130.0,ESLIDLQELGKY,16.667,25.0,33.333,8.333,50.0,50.0,33.333,8.333,25.0
IFTIGTVTL,IFTIGTVTL,964.156,5.525,0.111,-9.978,0.556,0.111,0.111,0,0,1.922,-0.24,0.8573,Probable Antigen,IFTIGTVTL,0,0,20,162.22,IFTIGTVTL,44.444,55.556,44.444,11.111,66.667,33.333,0.0,0.0,0.0
VPLHGTIL,VPLHGTIL,849.029,6.711,0.0,33.325,0.5,0.25,0.25,0,0,1.3,-0.179,0.0072,Probable Non-Antigen,VPLHGTIL,0,0,100,182.5,VPLHGTIL,25.0,50.0,50.0,12.5,75.0,25.0,12.5,12.5,0.0
NRFLYIIKL,NRFLYIIKL,1179.453,9.994,0.222,-9.978,0.667,0.111,0.222,1490,1490,0.689,1.758,0.3128,Probable Non-Antigen,NRFLYIIKL,0,2,1.4,173.33,NRFLYIIKL,0.0,11.111,44.444,22.222,66.667,33.333,22.222,22.222,0.0
ASVYAWNRK,ASVYAWNRK,1094.223,9.995,0.222,40.533,0.333,0.222,0.222,6990,6990,-0.789,1.794,0.5788,Probable Antigen,ASVYAWNRK,0,2,4.4,54.44,ASVYAWNRK,33.333,55.556,33.333,22.222,55.556,44.444,22.222,22.222,0.0
TPCSFGGVSV,TPCSFGGVSV,953.07,5.184,0.1,13.8,0.3,0.5,0.0,0,0,0.9,-0.612,1.708,Probable Antigen,TPCSFGGVSV,0,0,7.2,58.0,TPCSFGGVSV,60.0,90.0,20.0,10.0,70.0,30.0,0.0,0.0,0.0
YQDVNCTEV,YQDVNCTEV,1070.13,4.05,0.111,84.711,0.333,0.111,0.111,1490,1490,-0.567,-2.247,1.6172,Probable Antigen,YQDVNCTEV,2,0,2.8,64.44,YQDVNCTEV,22.222,66.667,22.222,11.111,44.444,55.556,22.222,0.0,22.222
VYYHKNNKSWM,VYYHKNNKSWM,1469.665,9.528,0.273,89.255,0.364,0.273,0.091,8480,8480,-1.473,1.817,0.3726,Probable Non-Antigen,VYYHKNNKSWM,0,2,100,26.36,VYYHKNNKSWM,9.091,36.364,9.091,36.364,45.455,54.545,27.273,27.273,0.0
ALLAVFQSASK,ALLAVFQSASK,1134.325,8.795,0.091,49.036,0.364,0.182,0.455,0,0,1.0,0.795,0.2202,Probable Non-Antigen,ALLAVFQSASK,0,1,4.4,124.55,ALLAVFQSASK,45.455,54.545,54.545,9.091,63.636,36.364,9.091,9.091,0.0
TVYDPLQPELDSFK,TVYDPLQPELDSFK,1651.81,4.05,0.143,73.293,0.357,0.214,0.214,1490,1490,-0.664,-2.599,0.0125,Probable Non-Antigen,TVYDPLQPELDSFK,3,1,7.2,76.43,TVYDPLQPELDSFK,14.286,50.0,21.429,14.286,50.0,50.0,28.571,7.143,21.429
IAWNSNNL,IAWNSNNL,931.003,5.525,0.125,24.175,0.375,0.5,0.25,5500,5500,-0.263,-0.24,1.221,Probable Antigen,IAWNSNNL,0,0,20,110.0,IAWNSNNL,25.0,62.5,37.5,12.5,50.0,50.0,0.0,0.0,0.0
TFEYVSQPF,TFEYVSQPF,1117.207,4.05,0.333,86.8,0.444,0.222,0.111,1490,1490,-0.178,-1.6,0.6641,Probable Antigen,TFEYVSQPF,1,0,7.2,32.22,TFEYVSQPF,22.222,44.444,11.111,33.333,55.556,44.444,11.111,0.0,11.111
QIAQFAPSASAFF,QIAQFAPSASAFF,1384.534,5.525,0.231,33.062,0.308,0.231,0.308,0,0,0.762,-0.24,0.24,Probable Non-Antigen,QIAQFAPSASAFF,0,0,0.8,60.77,QIAQFAPSASAFF,46.154,53.846,38.462,23.077,69.231,30.769,0.0,0.0,0.0
DLPQGFSAL,DLPQGFSAL,947.043,4.05,0.111,51.689,0.333,0.333,0.333,0,0,0.267,-1.239,0.5622,Probable Antigen,DLPQGFSAL,1,0,1.1,97.78,DLPQGFSAL,33.333,55.556,33.333,11.111,66.667,33.333,11.111,0.0,11.111
NTASWFTAL,NTASWFTAL,1010.1,5.525,0.222,-0.544,0.333,0.222,0.333,5500,5500,0.4,-0.24,-0.0708,Probable Non-Antigen,NTASWFTAL,0,0,1.4,65.56,NTASWFTAL,55.556,66.667,33.333,22.222,55.556,44.444,0.0,0.0,0.0
YFPLQSYGF,YFPLQSYGF,1121.24,5.524,0.444,105.9,0.556,0.333,0.111,2980,2980,0.056,-0.242,0.5107,Probable Antigen,YFPLQSYGF,0,0,2.8,43.33,YFPLQSYGF,22.222,33.333,11.111,44.444,77.778,22.222,0.0,0.0,0.0
LADAGFIKQY,LADAGFIKQY,1125.273,5.835,0.2,8.12,0.4,0.1,0.3,1490,1490,0.21,-0.241,0.3679,Probable Non-Antigen,LADAGFIKQY,1,1,5.5,98.0,LADAGFIKQY,30.0,40.0,40.0,20.0,70.0,30.0,20.0,10.0,10.0
RIIMRLWL,RIIMRLWL,1100.423,12.0,0.125,44.35,0.625,0.0,0.375,5500,5500,1.075,1.76,-1.1359,Probable Non-Antigen,RIIMRLWL,0,2,1,195.0,RIIMRLWL,0.0,0.0,50.0,12.5,75.0,25.0,25.0,25.0,0.0
LTYTGAIKL,LTYTGAIKL,979.171,8.591,0.111,-38.278,0.444,0.111,0.333,1490,1490,0.767,0.758,0.6524,Probable Antigen,LTYTGAIKL,0,1,5.5,141.11,LTYTGAIKL,44.444,44.444,44.444,11.111,66.667,33.333,11.111,11.111,0.0
VFQSASKIITL,VFQSASKIITL,1206.431,8.72,0.091,41.318,0.455,0.182,0.182,0,0,1.082,0.733,0.0047,Probable Non-Antigen,VFQSASKIITL,0,1,100,141.82,VFQSASKIITL,36.364,45.455,45.455,9.091,54.545,45.455,9.091,9.091,0.0
RFPNITNLCPF,RFPNITNLCPF,1321.546,8.25,0.182,87.9,0.364,0.364,0.091,0,0,0.091,0.75,1.2972,Probable Antigen,RFPNITNLCPF,0,1,1,70.91,RFPNITNLCPF,18.182,54.545,18.182,18.182,63.636,36.364,9.091,9.091,0.0
SRYRIGNYKL,SRYRIGNYKL,1269.452,10.277,0.2,-13.17,0.4,0.3,0.1,2980,2980,-1.19,2.457,-0.0472,Probable Non-Antigen,SRYRIGNYKL,0,3,1.9,78.0,SRYRIGNYKL,20.0,30.0,20.0,20.0,50.0,50.0,30.0,30.0,0.0
ITVATSRTL,ITVATSRTL,961.114,9.75,0.0,30.289,0.333,0.111,0.222,0,0,0.767,0.76,0.58,Probable Antigen,ITVATSRTL,0,1,20,130.0,ITVATSRTL,55.556,66.667,44.444,0.0,44.444,55.556,11.111,11.111,0.0
GVKDCVVLHSY,GVKDCVVLHSY,1219.41,6.734,0.091,-0.382,0.455,0.182,0.091,1490,1490,0.527,-0.164,-0.0332,Probable Non-Antigen,,,,,GVKDCVVLHSY,27.273,63.636,36.364,18.182,63.636,36.364,27.273,18.182,9.091
SSSDNIAL,SSSDNIAL,805.83,4.05,0.0,111.825,0.25,0.5,0.25,0,0,0.087,-1.539,0.3112,Probable Non-Antigen,SSSDNIAL,1,0,1.9,110.0,SSSDNIAL,50.0,75.0,37.5,0.0,37.5,62.5,12.5,0.0,12.5
KIYSKHTPI,KIYSKHTPI,1086.284,9.703,0.111,-8.922,0.333,0.222,0.0,1490,1490,-0.711,1.844,0.7455,Probable Antigen,KIYSKHTPI,0,2,1.3,86.67,KIYSKHTPI,22.222,33.333,22.222,22.222,44.444,55.556,33.333,33.333,0.0
YLQPRTFL,YLQPRTFL,1037.212,8.748,0.25,79.575,0.5,0.125,0.25,1490,1490,-0.15,0.759,0.1771,Probable Non-Antigen,YLQPRTFL,0,1,2.8,97.5,YLQPRTFL,12.5,25.0,25.0,25.0,62.5,37.5,12.5,12.5,0.0
FQTLLALHRSY,FQTLLALHRSY,1348.548,8.755,0.182,49.036,0.455,0.091,0.364,1490,1490,0.182,0.846,0.3784,Probable Non-Antigen,FQTLLALHRSY,0,1,1.1,115.45,FQTLLALHRSY,27.273,27.273,36.364,27.273,54.545,45.455,18.182,18.182,0.0
IYDEPTTT,IYDEPTTT,938.974,4.05,0.125,62.425,0.25,0.125,0.125,1490,1490,-0.938,-2.237,0.1256,Probable Non-Antigen,IYDEPTTT,2,0,20,48.75,IYDEPTTT,37.5,62.5,12.5,12.5,37.5,62.5,25.0,0.0,25.0
IDAYKTFPPTEPK,IDAYKTFPPTEPK,1506.697,6.068,0.154,77.985,0.231,0.231,0.154,1490,1490,-1.015,-0.239,0.4427,Probable Non-Antigen,IDAYKTFPPTEPK,2,2,20,37.69,IDAYKTFPPTEPK,23.077,53.846,15.385,15.385,53.846,46.154,30.769,15.385,15.385
SSSDNIALL,SSSDNIALL,918.988,4.05,0.0,100.511,0.333,0.444,0.333,0,0,0.5,-1.539,0.3755,Probable Non-Antigen,SSSDNIALL,1,0,1.9,141.11,SSSDNIALL,44.444,66.667,44.444,0.0,44.444,55.556,11.111,0.0,11.111
IPTNFTISV,IPTNFTISV,991.138,5.525,0.111,-27.711,0.444,0.333,0.0,0,0,0.967,-0.24,0.882,Probable Antigen,IPTNFTISV,0,0,20,118.89,IPTNFTISV,33.333,66.667,33.333,11.111,55.556,44.444,0.0,0.0,0.0
TLKKRWQLAL,TLKKRWQLAL,1256.539,11.166,0.1,90.39,0.4,0.0,0.4,5500,5500,-0.42,2.396,1.0185,Probable Antigen,TLKKRWQLAL,0,3,7.2,127.0,TLKKRWQLAL,20.0,20.0,40.0,10.0,50.0,50.0,30.0,30.0,0.0
SFKEELDKY,SFKEELDKY,1158.257,4.677,0.222,18.978,0.333,0.111,0.333,1490,1490,-1.533,-1.536,-1.3338,Probable Non-Antigen,SFKEELDKY,3,2,1.9,43.33,SFKEELDKY,11.111,22.222,11.111,22.222,33.333,66.667,55.556,22.222,33.333
EYVSQPFLM,EYVSQPFLM,1113.283,4.05,0.222,73.089,0.444,0.222,0.333,1490,1490,0.222,-1.164,0.2605,Probable Non-Antigen,EYVSQPFLM,1,0,1,75.56,EYVSQPFLM,11.111,33.333,22.222,22.222,66.667,33.333,11.111,0.0,11.111
VTKKSAAEASK,VTKKSAAEASK,1119.269,9.703,0.0,1.373,0.091,0.182,0.364,0,0,-0.718,1.734,0.5109,Probable Antigen,VTKKSAAEASK,1,3,100,53.64,VTKKSAAEASK,54.545,63.636,36.364,0.0,36.364,63.636,36.364,27.273,9.091
FCNDPFLGV,FCNDPFLGV,1011.151,4.05,0.222,30.289,0.444,0.333,0.111,0,0,0.789,-1.249,0.4693,Probable Non-Antigen,FCNDPFLGV,1,0,1.1,75.56,FCNDPFLGV,22.222,66.667,22.222,22.222,77.778,22.222,11.111,0.0,11.111
SFPQSAPHGVVF,SFPQSAPHGVVF,1272.408,6.456,0.167,85.292,0.333,0.417,0.083,0,0,0.325,-0.453,-0.0447,Probable Non-Antigen,SFPQSAPHGVVF,0,0,1.9,56.67,SFPQSAPHGVVF,33.333,66.667,25.0,25.0,66.667,33.333,8.333,8.333,0.0
TLVKQLSSNF,TLVKQLSSNF,1136.298,8.41,0.1,33.99,0.4,0.3,0.2,0,0,0.14,0.397,-0.2579,Probable Non-Antigen,TLVKQLSSNF,0,1,7.2,107.0,TLVKQLSSNF,30.0,50.0,30.0,10.0,40.0,60.0,10.0,10.0,0.0
SPDDQIGYY,SPDDQIGYY,1057.067,4.05,0.222,53.611,0.333,0.333,0.0,2980,2980,-1.267,-2.54,0.4863,Probable Non-Antigen,SPDDQIGYY,2,0,1.9,43.33,SPDDQIGYY,22.222,55.556,11.111,22.222,55.556,44.444,22.222,0.0,22.222
QSASKIITL,QSASKIITL,960.126,8.75,0.0,48.278,0.333,0.222,0.222,0,0,0.544,0.759,0.044,Probable Non-Antigen,QSASKIITL,0,1,0.8,141.11,QSASKIITL,44.444,44.444,44.444,0.0,44.444,55.556,11.111,11.111,0.0
GLTVLPPLL,GLTVLPPLL,922.162,5.525,0.0,51.689,0.556,0.333,0.444,0,0,1.678,-0.24,0.6621,Probable Antigen,GLTVLPPLL,0,0,30,205.56,GLTVLPPLL,22.222,55.556,55.556,0.0,88.889,11.111,0.0,0.0,0.0
YQPYRVVVL,YQPYRVVVL,1136.342,8.59,0.222,11.5,0.667,0.111,0.111,2980,2980,0.467,0.758,0.5964,Probable Antigen,YQPYRVVVL,0,1,2.8,140.0,YQPYRVVVL,0.0,44.444,44.444,22.222,77.778,22.222,11.111,11.111,0.0
REFVFKNIDGY,REFVFKNIDGY,1387.538,6.069,0.273,27.655,0.455,0.182,0.091,1490,1490,-0.573,-0.238,-0.4699,Probable Non-Antigen,REFVFKNIDGY,2,2,1,61.82,REFVFKNIDGY,9.091,36.364,18.182,27.273,54.545,45.455,36.364,18.182,18.182
YRRATRRI,YRRATRRI,1091.271,12.0,0.125,130.812,0.25,0.0,0.125,1490,1490,-1.712,3.759,-1.0798,Probable Non-Antigen,YRRATRRI,0,4,2.8,61.25,YRRATRRI,25.0,25.0,25.0,12.5,37.5,62.5,50.0,50.0,0.0
SANNCTFEY,SANNCTFEY,1048.083,4.05,0.222,55.622,0.222,0.333,0.222,1490,1490,-0.689,-1.548,-0.0924,Probable Non-Antigen,SANNCTFEY,1,0,1.9,11.11,SANNCTFEY,44.444,66.667,11.111,22.222,44.444,55.556,11.111,0.0,11.111
AAAYYVGYLQPRTF,AAAYYVGYLQPRTF,1619.816,8.54,0.286,46.443,0.429,0.143,0.286,4470,4470,0.114,0.793,0.6905,Probable Antigen,AAAYYVGYLQPRTF,0,1,4.4,70.0,AAAYYVGYLQPRTF,35.714,50.0,35.714,28.571,78.571,21.429,7.143,7.143,0.0
AQFAPSASA,AQFAPSASA,848.9,5.57,0.111,43.311,0.111,0.333,0.444,0,0,0.367,-0.204,0.7468,Probable Antigen,AQFAPSASA,0,0,4.4,44.44,AQFAPSASA,66.667,77.778,44.444,11.111,66.667,33.333,0.0,0.0,0.0
YSSANNCTF,YSSANNCTF,1006.047,5.517,0.222,77.022,0.222,0.444,0.111,1490,1490,-0.389,-0.251,-0.1036,Probable Non-Antigen,YSSANNCTF,0,0,2.8,11.11,YSSANNCTF,55.556,77.778,11.111,22.222,44.444,55.556,0.0,0.0,0.0
YNSASFSTFK,YNSASFSTFK,1151.225,8.591,0.3,6.31,0.3,0.4,0.1,1490,1490,-0.44,0.758,0.2612,Probable Non-Antigen,YNSASFSTFK,0,1,2.8,10.0,YNSASFSTFK,50.0,60.0,10.0,30.0,40.0,60.0,10.0,10.0,0.0
LYLYALVYFL,LYLYALVYFL,1277.548,5.523,0.4,25.14,0.9,0.0,0.5,4470,4470,2.01,-0.243,-0.0199,Probable Non-Antigen,LYLYALVYFL,0,0,5.5,195.0,LYLYALVYFL,10.0,20.0,60.0,40.0,100.0,0.0,0.0,0.0,0.0
KPFERDISTEI,KPFERDISTEI,1334.474,4.679,0.091,54.764,0.273,0.182,0.182,0,0,-0.927,-1.234,-0.2866,Probable Non-Antigen,KPFERDISTEI,3,2,1.3,70.91,KPFERDISTEI,18.182,36.364,18.182,9.091,36.364,63.636,45.455,18.182,27.273
ATIPIQASL,ATIPIQASL,913.07,5.57,0.0,5.689,0.333,0.222,0.333,0,0,1.089,-0.204,0.7881,Probable Antigen,ATIPIQASL,0,0,4.4,152.22,ATIPIQASL,44.444,55.556,55.556,0.0,66.667,33.333,0.0,0.0,0.0
RLWLCWKCRSK,RLWLCWKCRSK,1478.829,10.107,0.182,103.309,0.364,0.091,0.182,11000,11125,-0.618,3.738,1.1476,Probable Antigen,RLWLCWKCRSK,0,4,1,70.91,,,,,,,,,,
GIYQTSNFR,GIYQTSNFR,1085.17,8.748,0.222,-17.244,0.333,0.333,0.0,1490,1490,-0.822,0.759,0.538,Probable Antigen,GIYQTSNFR,0,1,30,43.33,,,,,,,,,,
YFIASFRLF,YFIASFRLF,1163.366,8.748,0.444,8.889,0.667,0.111,0.222,1490,1490,1.322,0.759,-0.1142,Probable Non-Antigen,YFIASFRLF,0,1,2.8,97.78,YFIASFRLF,7.692,30.769,23.077,23.077,61.538,38.462,23.077,0.0,23.077
IAQYTSALL,IAQYTSALL,979.128,5.524,0.111,-8.922,0.444,0.111,0.444,1490,1490,1.044,-0.241,0.0823,Probable Non-Antigen,IAQYTSALL,0,0,20,152.22,IAQYTSALL,44.444,44.444,55.556,11.111,66.667,33.333,0.0,0.0,0.0
KLQDVVNQNAQAL,KLQDVVNQNAQAL,1440.601,5.836,0.0,36.792,0.308,0.154,0.308,0,0,-0.408,-0.24,0.5857,Probable Antigen,KLQDVVNQNAQAL,1,1,1.3,120.0,KLQDVVNQNAQAL,42.857,57.143,35.714,21.429,71.429,28.571,0.0,0.0,0.0
PYRVVVLSF,PYRVVVLSF,1079.291,9.177,0.222,-9.9,0.667,0.222,0.111,1490,1490,1.222,0.958,1.0281,Probable Antigen,PYRVVVLSF,0,1,>20,140.0,PYRVVVLSF,11.111,55.556,44.444,22.222,77.778,22.222,11.111,11.111,0.0
VRFPNITNL,VRFPNITNL,1073.245,9.72,0.111,62.411,0.444,0.333,0.111,0,0,0.167,0.734,1.1141,Probable Antigen,VRFPNITNL,0,1,100,118.89,VRFPNITNL,11.111,55.556,33.333,11.111,55.556,44.444,11.111,11.111,0.0
HSYFTSDYY,HSYFTSDYY,1182.194,5.077,0.444,22.6,0.444,0.222,0.0,4470,4470,-1.122,-1.155,0.1808,Probable Non-Antigen,HSYFTSDYY,1,0,3.5,0.0,HSYFTSDYY,33.333,44.444,0.0,55.556,44.444,55.556,22.222,11.111,11.111
EYVSQPFLM,EYVSQPFLM,1113.283,4.05,0.222,73.089,0.444,0.222,0.333,1490,1490,0.222,-1.164,0.2605,Probable Non-Antigen,EYVSQPFLM,1,0,1,75.56,EYVSQPFLM,29.412,58.824,41.176,0.0,58.824,41.176,5.882,5.882,0.0
IPYNSVTSSI,IPYNSVTSSI,1080.188,5.524,0.1,16.89,0.4,0.5,0.0,1490,1490,0.37,-0.241,0.259,Probable Non-Antigen,IPYNSVTSSI,0,0,20,107.0,IPYNSVTSSI,40.0,70.0,30.0,10.0,50.0,50.0,0.0,0.0,0.0
NTVYDPLQPEL,NTVYDPLQPEL,1288.402,4.05,0.091,78.991,0.364,0.273,0.273,1490,1490,-0.673,-2.237,0.4615,Probable Non-Antigen,NTVYDPLQPEL,2,0,1.4,97.27,NTVYDPLQPEL,9.091,54.545,27.273,9.091,54.545,45.455,18.182,0.0,18.182
MAGNGGDAAL,MAGNGGDAAL,875.947,4.05,0.0,10.16,0.1,0.4,0.5,0,0,0.29,-1.499,0.3845,Probable Non-Antigen,MAGNGGDAAL,1,0,30,69.0,MAGNGGDAAL,60.0,80.0,40.0,0.0,80.0,20.0,10.0,0.0,10.0
FQTLLALHRSY,FQTLLALHRSY,1348.548,8.755,0.182,49.036,0.455,0.091,0.364,1490,1490,0.182,0.846,0.3784,Probable Non-Antigen,FQTLLALHRSY,0,1,1.1,115.45,FQTLLALHRSY,27.273,27.273,36.364,27.273,54.545,45.455,18.182,18.182,0.0
QIYKTPPIK,QIYKTPPIK,1087.312,9.703,0.111,20.856,0.333,0.222,0.0,1490,1490,-0.833,1.757,-0.0833,Probable Non-Antigen,,,,,,,,,,,,,,
IYQTSNFRV,IYQTSNFRV,1127.25,8.748,0.222,-7.811,0.444,0.222,0.0,1490,1490,-0.311,0.759,0.3109,Probable Non-Antigen,IYQTSNFRV,0,1,20,75.56,IYQTSNFRV,21.429,35.714,21.429,21.429,71.429,28.571,7.143,7.143,0.0
STECSNLLLQY,STECSNLLLQY,1270.409,4.05,0.091,89.327,0.364,0.273,0.364,1490,1490,-0.018,-1.548,0.545,Probable Antigen,STECSNLLLQY,1,0,1.9,106.36,STECSNLLLQY,36.364,45.455,27.273,9.091,45.455,54.545,9.091,0.0,9.091
ELLHAPATV,ELLHAPATV,950.09,5.243,0.0,51.689,0.333,0.111,0.556,0,0,0.711,-1.076,0.2109,Probable Non-Antigen,ELLHAPATV,1,0,1,141.11,ELLHAPATV,33.333,55.556,55.556,11.111,66.667,33.333,22.222,11.111,11.111
LPNNTASW,LPNNTASW,901.962,5.525,0.125,22.213,0.25,0.5,0.25,5500,5500,-0.675,-0.24,-0.083,Probable Non-Antigen,LPNNTASW,0,0,5.5,61.25,,,,,,,,,,
LHSYFTSDYY,LHSYFTSDYY,1295.351,5.077,0.4,21.34,0.5,0.2,0.1,4470,4470,-0.63,-1.155,0.0838,Probable Non-Antigen,LHSYFTSDYY,1,0,5.5,39.0,,,,,,,,,,
IQASLPFGW,IQASLPFGW,1018.165,5.525,0.222,65.4,0.444,0.333,0.222,5500,5500,0.633,-0.24,1.4578,Probable Antigen,IQASLPFGW,0,0,20,97.78,IQASLPFGW,33.333,44.444,33.333,22.222,77.778,22.222,0.0,0.0,0.0
QSAPHGVVF,QSAPHGVVF,941.041,6.741,0.111,67.589,0.333,0.333,0.111,0,0,0.389,-0.153,0.2234,Probable Non-Antigen,QSAPHGVVF,0,0,0.8,75.56,QSAPHGVVF,33.333,66.667,33.333,22.222,66.667,33.333,11.111,11.111,0.0
YQIGGYTEKW,YQIGGYTEKW,1244.351,6.0,0.3,23.62,0.4,0.2,0.1,8480,8480,-1.14,-0.24,0.4098,Probable Non-Antigen,YQIGGYTEKW,1,1,2.8,39.0,,,,,,,,,,
VAAGLEAPF,VAAGLEAPF,873.992,4.05,0.111,51.689,0.333,0.222,0.556,0,0,1.189,-1.263,0.5497,Probable Antigen,VAAGLEAPF,1,0,100,108.89,,,,,,,,,,
MSLGAENSVAY,MSLGAENSVAY,1141.251,4.05,0.091,41.318,0.273,0.364,0.455,1490,1490,0.291,-1.498,0.7925,Probable Antigen,MSLGAENSVAY,1,0,30,80.0,MSLGAENSVAY,45.455,63.636,36.364,9.091,63.636,36.364,9.091,0.0,9.091
NFVRIIMRL,NFVRIIMRL,1161.463,12.0,0.111,-16.189,0.556,0.111,0.222,0,0,1.022,1.76,0.0627,Probable Non-Antigen,NFVRIIMRL,0,2,1.4,162.22,NFVRIIMRL,0.0,22.222,44.444,11.111,66.667,33.333,22.222,22.222,0.0
AICHDGKAHF,AICHDGKAHF,1098.235,6.949,0.1,14.25,0.2,0.1,0.2,0,0,-0.08,-0.04,0.1755,Probable Non-Antigen,AICHDGKAHF,1,1,4.4,59.0,AICHDGKAHF,40.0,50.0,30.0,30.0,60.0,40.0,40.0,30.0,10.0
NTVYDPLQPEL,NTVYDPLQPEL,1288.402,4.05,0.091,78.991,0.364,0.273,0.273,1490,1490,-0.673,-2.237,0.4615,Probable Non-Antigen,NTVYDPLQPEL,2,0,1.4,97.27,NTVYDPLQPEL,15.385,61.538,61.538,0.0,61.538,38.462,7.692,7.692,0.0
VATSRTLSYY,VATSRTLSYY,1160.276,8.56,0.2,40.6,0.4,0.2,0.2,2980,2980,-0.03,0.732,0.7297,Probable Antigen,VATSRTLSYY,0,1,100,78.0,VATSRTLSYY,50.0,60.0,30.0,20.0,50.0,50.0,10.0,10.0,0.0
VEELKKLL,VEELKKLL,971.192,6.113,0.0,28.275,0.5,0.0,0.625,0,0,0.1,-0.262,-0.6365,Probable Non-Antigen,VEELKKLL,2,2,100,182.5,,,,,,,,,,
GLEAPFLYL,GLEAPFLYL,1022.194,4.05,0.222,51.689,0.556,0.222,0.556,1490,1490,1.022,-1.238,0.4727,Probable Non-Antigen,GLEAPFLYL,1,0,30,141.11,GLEAPFLYL,22.222,33.333,44.444,22.222,88.889,11.111,11.111,0.0,11.111
YSKHTPINL,YSKHTPINL,1072.214,8.598,0.111,0.511,0.333,0.333,0.111,1490,1490,-0.744,0.845,1.0547,Probable Antigen,YSKHTPINL,0,1,2.8,86.67,,,,,,,,,,
IADTTDAV,IADTTDAV,804.842,4.05,0.0,-20.65,0.25,0.0,0.25,0,0,0.487,-2.238,0.7546,Probable Antigen,IADTTDAV,2,0,20,110.0,IADTTDAV,50.0,87.5,50.0,0.0,50.0,50.0,25.0,0.0,25.0
ITDAVDCAL,ITDAVDCAL,920.039,4.05,0.0,-7.811,0.333,0.0,0.333,0,0,1.211,-2.248,0.526,Probable Antigen,ITDAVDCAL,2,0,20,141.11,ITDAVDCAL,44.444,77.778,55.556,0.0,66.667,33.333,22.222,0.0,22.222
FLPFQQFGR,FLPFQQFGR,1139.305,9.75,0.333,64.711,0.444,0.222,0.111,0,0,-0.144,0.76,0.4802,Probable Non-Antigen,FLPFQQFGR,0,1,1.1,43.33,FLPFQQFGR,11.111,22.222,11.111,33.333,66.667,33.333,11.111,11.111,0.0
TVYDPLQPEL,TVYDPLQPEL,1174.3,4.05,0.1,94.38,0.4,0.2,0.3,1490,1490,-0.39,-2.599,0.4913,Probable Non-Antigen,TVYDPLQPEL,2,0,7.2,107.0,TVYDPLQPEL,10.0,50.0,30.0,10.0,60.0,40.0,20.0,0.0,20.0
HSYFTSDYY,HSYFTSDYY,1182.194,5.077,0.444,22.6,0.444,0.222,0.0,4470,4470,-1.122,-1.155,0.1808,Probable Non-Antigen,HSYFTSDYY,1,0,3.5,0.0,HSYFTSDYY,33.333,44.444,0.0,55.556,44.444,55.556,22.222,11.111,11.111
HFVCNLLLLF,HFVCNLLLLF,1218.509,6.732,0.2,-1.37,0.7,0.1,0.4,0,0,2.08,-0.163,0.4135,Probable Non-Antigen,HFVCNLLLLF,0,0,3.5,185.0,HFVCNLLLLF,10.0,30.0,50.0,30.0,80.0,20.0,10.0,10.0,0.0
YALVYFLQSINF,YALVYFLQSINF,1477.7,5.524,0.333,73.875,0.667,0.167,0.25,2980,2980,1.108,-0.242,0.8143,Probable Antigen,YALVYFLQSINF,0,0,2.8,130.0,YALVYFLQSINF,16.667,33.333,41.667,33.333,75.0,25.0,0.0,0.0,0.0
LYIIKLIFL,LYIIKLIFL,1135.48,8.591,0.222,-9.978,0.889,0.0,0.333,1490,1490,2.5,0.758,0.4865,Probable Non-Antigen,LYIIKLIFL,0,1,5.5,260.0,LYIIKLIFL,0.0,0.0,66.667,22.222,88.889,11.111,11.111,11.111,0.0
YLQPRTFLL,YLQPRTFLL,1150.369,8.748,0.222,71.844,0.556,0.111,0.333,1490,1490,0.289,0.759,0.4532,Probable Non-Antigen,YLQPRTFLL,0,1,2.8,130.0,YLQPRTFLL,11.111,22.222,33.333,22.222,66.667,33.333,11.111,11.111,0.0
FKDQVILL,FKDQVILL,975.182,5.836,0.125,4.613,0.625,0.0,0.25,0,0,1.025,-0.24,0.6457,Probable Antigen,FKDQVILL,1,1,1.1,182.5,FKDQVILL,0.0,25.0,50.0,12.5,62.5,37.5,25.0,12.5,12.5
VRFPNITNLCPF,VRFPNITNLCPF,1420.677,8.22,0.167,81.408,0.417,0.333,0.083,0,0,0.433,0.724,1.2901,Probable Antigen,VRFPNITNLCPF,0,1,100,89.17,,,,,,,,,,
FAMQMAYRF,FAMQMAYRF,1164.399,8.748,0.333,-4.567,0.333,0.0,0.444,1490,1490,0.411,0.759,1.0278,Probable Antigen,FAMQMAYRF,0,1,1.1,22.22,FAMQMAYRF,22.222,22.222,22.222,33.333,77.778,22.222,11.111,11.111,0.0
TPINLVRDL,TPINLVRDL,1040.214,5.498,0.0,8.889,0.444,0.222,0.222,0,0,0.278,-0.601,0.3862,Probable Non-Antigen,TPINLVRDL,1,1,7.2,162.22,TPINLVRDL,11.111,55.556,44.444,0.0,55.556,44.444,22.222,11.111,11.111
QSAPHGVVF,QSAPHGVVF,941.041,6.741,0.111,67.589,0.333,0.333,0.111,0,0,0.389,-0.153,0.2234,Probable Non-Antigen,QSAPHGVVF,0,0,0.8,75.56,QSAPHGVVF,33.333,66.667,33.333,22.222,66.667,33.333,11.111,11.111,0.0
SIIAYTMSL,SIIAYTMSL,998.194,5.24,0.111,48.278,0.444,0.222,0.333,1490,1490,1.433,-0.541,0.5234,Probable Antigen,SIIAYTMSL,0,0,1.9,141.11,SIIAYTMSL,44.444,44.444,44.444,11.111,66.667,33.333,0.0,0.0,0.0
SQSIIAYTM,SQSIIAYTM,1013.165,5.24,0.111,69.678,0.333,0.222,0.222,1490,1490,0.622,-0.541,0.2614,Probable Non-Antigen,SQSIIAYTM,0,0,1.9,97.78,SQSIIAYTM,44.444,44.444,33.333,11.111,55.556,44.444,0.0,0.0,0.0
APFLYLYAL,APFLYLYAL,1070.279,5.568,0.333,78.0,0.667,0.111,0.556,2980,2980,1.511,-0.206,0.4046,Probable Non-Antigen,APFLYLYAL,0,0,4.4,152.22,APFLYLYAL,22.222,33.333,55.556,33.333,100.0,0.0,0.0,0.0,0.0
FVTVYSHL,FVTVYSHL,965.102,6.74,0.25,-11.288,0.625,0.125,0.125,1490,1490,1.125,-0.154,-0.0709,Probable Non-Antigen,FVTVYSHL,0,0,1.1,121.25,FVTVYSHL,23.529,52.941,47.059,17.647,70.588,29.412,17.647,11.765,5.882
MEVTPSGTWL,MEVTPSGTWL,1120.275,4.05,0.1,8.59,0.3,0.3,0.3,5500,5500,0.13,-1.497,0.6342,Probable Antigen,MEVTPSGTWL,1,0,30,68.0,MEVTPSGTWL,40.0,60.0,20.0,10.0,60.0,40.0,10.0,0.0,10.0
YFIASFRLF,YFIASFRLF,1163.366,8.748,0.444,8.889,0.667,0.111,0.222,1490,1490,1.322,0.759,-0.1142,Probable Non-Antigen,YFIASFRLF,0,1,2.8,97.78,YFIASFRLF,22.222,22.222,33.333,44.444,77.778,22.222,11.111,11.111,0.0
VLPPLLTDEMIAQY,VLPPLLTDEMIAQY,1602.889,4.05,0.071,31.414,0.429,0.143,0.429,1490,1490,0.579,-2.263,0.2075,Probable Non-Antigen,VLPPLLTDEMIAQY,2,0,100,139.29,VLPPLLTDEMIAQY,14.286,42.857,42.857,7.143,71.429,28.571,14.286,0.0,14.286
ALTGIAVEQDK,ALTGIAVEQDK,1144.275,4.37,0.0,20.955,0.273,0.091,0.364,0,0,0.055,-1.201,0.8715,Probable Antigen,ALTGIAVEQDK,2,1,4.4,115.45,ALTGIAVEQDK,36.364,54.545,45.455,0.0,54.545,45.455,27.273,9.091,18.182
FPQSAPHGVVF,FPQSAPHGVVF,1185.33,6.741,0.182,92.136,0.364,0.364,0.091,0,0,0.427,-0.153,-0.0734,Probable Non-Antigen,FPQSAPHGVVF,0,0,1.1,61.82,FPQSAPHGVVF,27.273,63.636,27.273,27.273,72.727,27.273,9.091,9.091,0.0
NVVIKVCEF,NVVIKVCEF,1050.272,5.994,0.111,-9.978,0.556,0.111,0.111,0,0,1.278,-0.248,-0.1492,Probable Non-Antigen,NVVIKVCEF,1,1,1.4,140.0,NVVIKVCEF,11.111,55.556,44.444,11.111,66.667,33.333,22.222,11.111,11.111
LITGRLQSL,LITGRLQSL,1000.193,9.75,0.0,84.5,0.444,0.222,0.333,0,0,0.667,0.76,0.8238,Probable Antigen,LITGRLQSL,0,1,5.5,173.33,LITGRLQSL,18.75,43.75,18.75,25.0,56.25,43.75,18.75,18.75,0.0
LTESNKKFL,LTESNKKFL,1079.247,8.591,0.111,78.0,0.333,0.222,0.333,0,0,-0.656,0.761,0.3167,Probable Non-Antigen,LTESNKKFL,1,2,5.5,86.67,LTESNKKFL,38.462,61.538,38.462,30.769,69.231,30.769,7.692,7.692,0.0
VFAQVKQIY,VFAQVKQIY,1095.29,8.561,0.222,23.578,0.556,0.0,0.111,1490,1490,0.589,0.732,0.4311,Probable Non-Antigen,VFAQVKQIY,0,1,100,118.89,,,,,,,,,,
QTQTNSPRR,QTQTNSPRR,1087.148,12.0,0.0,87.9,0.0,0.333,0.0,0,0,-2.589,1.76,-0.358,Probable Non-Antigen,QTQTNSPRR,0,2,0.8,0.0,VFAQVKQIY,11.111,33.333,44.444,22.222,66.667,33.333,11.111,11.111,0.0
YIKWPWYIW,YIKWPWYIW,1354.594,8.497,0.556,-3.744,0.778,0.111,0.0,19480,19480,-0.2,0.757,0.9673,Probable Antigen,YIKWPWYIW,0,1,2.8,86.67,,,,,,,,,,
LYDANYFL,LYDANYFL,1018.119,4.05,0.375,38.35,0.625,0.125,0.375,2980,2980,0.325,-1.241,0.2103,Probable Non-Antigen,LYDANYFL,1,0,5.5,110.0,YIKWPWYIW,0.0,11.111,22.222,55.556,88.889,11.111,11.111,11.111,0.0
DLFMRIFTI,DLFMRIFTI,1155.409,5.836,0.222,0.511,0.556,0.0,0.222,0,0,1.289,-0.239,-0.5521,Probable Non-Antigen,DLFMRIFTI,1,1,1.1,130.0,LYDANYFL,12.5,37.5,37.5,37.5,75.0,25.0,12.5,0.0,12.5
ITDAVDCAL,ITDAVDCAL,920.039,4.05,0.0,-7.811,0.333,0.0,0.333,0,0,1.211,-2.248,0.526,Probable Antigen,ITDAVDCAL,2,0,20,141.11,DLFMRIFTI,11.111,22.222,33.333,22.222,66.667,33.333,22.222,11.111,11.111
SFNPETNIL,SFNPETNIL,1034.12,4.05,0.111,78.522,0.333,0.444,0.222,0,0,-0.278,-1.537,0.3864,Probable Non-Antigen,SFNPETNIL,1,0,1.9,86.67,,,,,,,,,,
STGSNVFQTR,STGSNVFQTR,1096.151,9.465,0.1,0.51,0.2,0.4,0.0,0,0,-0.79,0.46,0.5411,Probable Antigen,STGSNVFQTR,0,1,1.9,29.0,SFNPETNIL,22.222,55.556,22.222,11.111,44.444,55.556,11.111,0.0,11.111
QLESKMSGK,QLESKMSGK,1007.163,8.591,0.0,105.9,0.111,0.333,0.333,0,0,-1.233,0.761,1.2535,Probable Antigen,QLESKMSGK,1,2,0.8,43.33,STGSNVFQTR,50.0,70.0,10.0,10.0,30.0,70.0,10.0,10.0,0.0
YLQPRTFLL,YLQPRTFLL,1150.369,8.748,0.222,71.844,0.556,0.111,0.333,1490,1490,0.289,0.759,0.4532,Probable Non-Antigen,YLQPRTFLL,0,1,2.8,130.0,QLESKMSGK,33.333,33.333,11.111,0.0,33.333,66.667,33.333,22.222,11.111
CVADYSVLY,CVADYSVLY,1032.167,4.05,0.222,-8.922,0.556,0.111,0.222,2980,2980,1.067,-1.251,-0.0293,Probable Non-Antigen,CVADYSVLY,1,0,1.2,118.89,YLQPRTFLL,11.111,22.222,33.333,22.222,66.667,33.333,11.111,11.111,0.0
GVVFLHVTY,GVVFLHVTY,1034.207,6.74,0.222,-0.544,0.667,0.111,0.111,1490,1490,1.511,-0.154,1.4104,Probable Antigen,GVVFLHVTY,0,0,30,140.0,CVADYSVLY,41.667,50.0,50.0,8.333,83.333,16.667,0.0,0.0,0.0
IAPGQTGKI,IAPGQTGKI,884.032,8.75,0.0,1.989,0.222,0.333,0.111,0,0,0.033,0.759,1.6527,Probable Antigen,IAPGQTGKI,0,1,20,97.78,GVVFLHVTY,22.222,55.556,44.444,33.333,77.778,22.222,11.111,11.111,0.0
TRFQTLLAL,TRFQTLLAL,1062.263,9.41,0.111,8.889,0.444,0.0,0.444,0,0,0.733,0.398,0.3406,Probable Non-Antigen,TRFQTLLAL,0,1,7.2,141.11,IAPGQTGKI,44.444,55.556,33.333,0.0,66.667,33.333,11.111,11.111,0.0
LHSYFTSDYYQLY,LHSYFTSDYYQLY,1699.811,5.077,0.385,18.723,0.538,0.154,0.154,5960,5960,-0.562,-1.156,-0.0052,Probable Non-Antigen,LHSYFTSDYYQLY,1,0,5.5,60.0,TRFQTLLAL,33.333,33.333,44.444,11.111,55.556,44.444,11.111,11.111,0.0
GTHWFVTQR,GTHWFVTQR,1131.243,9.757,0.222,-21.556,0.333,0.111,0.0,5500,5500,-0.767,0.847,0.0723,Probable Non-Antigen,GTHWFVTQR,0,1,30,32.22,LHSYFTSDYYQLY,23.077,30.769,15.385,46.154,53.846,46.154,15.385,7.692,7.692
AVFQSASKIITLK,AVFQSASKIITLK,1405.681,10.003,0.077,29.969,0.385,0.154,0.231,0,0,0.754,1.794,0.1058,Probable Non-Antigen,AVFQSASKIITLK,0,2,4.4,127.69,GTHWFVTQR,33.333,44.444,11.111,33.333,44.444,55.556,22.222,22.222,0.0
STDTGVEHVTFFIY,STDTGVEHVTFFIY,1615.737,4.352,0.214,-10.15,0.429,0.143,0.071,1490,1490,0.264,-2.45,0.5544,Probable Antigen,STDTGVEHVTFFIY,2,0,1.9,69.29,AVFQSASKIITLK,38.462,46.154,46.154,7.692,53.846,46.154,15.385,15.385,0.0
SFTRGVYYPDKVFR,SFTRGVYYPDKVFR,1734.95,9.694,0.286,-2.05,0.429,0.214,0.0,2980,2980,-0.607,1.458,0.1419,Probable Non-Antigen,SFTRGVYYPDKVFR,1,3,1.9,41.43,STDTGVEHVTFFIY,35.714,57.143,21.429,28.571,50.0,50.0,21.429,7.143,14.286
VRDLPQGF,VRDLPQGF,931.047,5.807,0.125,56.9,0.375,0.25,0.125,0,0,-0.338,-0.265,1.0412,Probable Antigen,VRDLPQGF,1,1,100,85.0,,,,,,,,,,
IANQFNSAI,IANQFNSAI,977.072,5.525,0.111,-7.867,0.333,0.333,0.222,0,0,0.456,-0.24,-0.01,Probable Non-Antigen,IANQFNSAI,0,0,20,108.89,VRDLPQGF,12.5,50.0,25.0,12.5,62.5,37.5,25.0,12.5,12.5
KRISNCVADY,KRISNCVADY,1168.323,8.197,0.1,22.69,0.3,0.2,0.1,1490,1490,-0.45,0.749,-0.0735,Probable Non-Antigen,KRISNCVADY,1,2,1.3,78.0,IANQFNSAI,33.333,55.556,44.444,11.111,55.556,44.444,0.0,0.0,0.0
SFRLFARTR,SFRLFARTR,1153.337,12.0,0.222,8.889,0.333,0.111,0.222,0,0,-0.422,2.46,0.7038,Probable Antigen,SFRLFARTR,0,3,1.9,54.44,KRISNCVADY,30.0,60.0,30.0,10.0,50.0,50.0,30.0,20.0,10.0
SFPQSAPHGVVF,SFPQSAPHGVVF,1272.408,6.456,0.167,85.292,0.333,0.417,0.083,0,0,0.325,-0.453,-0.0214,Probable Non-Antigen,SFPQSAPHGVVF,0,0,1.9,56.67,SFRLFARTR,33.333,33.333,22.222,22.222,44.444,55.556,33.333,33.333,0.0
