Cluster.Sub-Cluster Number,Peptide Number,Alignment,Position,Description,Peptide
1.1,Consensus,FMLKYDENGTITDA,-,-,-
1.1,1,FMLKYDENGTITD-,1,seq3,FMLKYDENGTITD
1.1,2,----YDENGTITDA,5,seq10,YDENGTITDA
1.1,3,----YDENGTIT--,5,seq8,YDENGTIT
1.1,4,----YDENGTI---,5,seq7,YDENGTI
1.1,5,-----DENGTIT--,6,seq4,DENGTIT
1.1,6,------ENGTITD-,7,seq5,ENGTITD
2.1,Singleton,KNKDGFLYVY,-,seq1,KNKDGFLYVY
3.1,Singleton,QEKNFTTAPAICHDGKAHFPREGVFVSNGTHWFVTQRNFYEPQIITTDNTFVSGNCDVVIGIVNNTVYDPLQPELDS,-,seq11,QEKNFTTAPAICHDGKAHFPREGVFVSNGTHWFVTQRNFYEPQIITTDNTFVSGNCDVVIGIVNNTVYDPLQPELDS
4.1,Singleton,YLKPTTFML,-,seq2,YLKPTTFML
5.1,Singleton,GIYQTSN,-,seq6,GIYQTSN
6.1,Singleton,ELKCSVKS,-,seq9,ELKCSVKS
