peptide,pdb_id,chain,start,end,nr_of_residues,score,Mol_Weight,Isoelectric_Point,Aromaticity,Instability_Index,Helix_2_Struc,Turn_2_Struc,Sheet_2_Struc,Reduces_Cys,Disulfide_Bridge,Hydropathicity,Charge_at_pH7,Antigenicity_Score,Antigen_Prediction,Allergen_Prediction,SVM_Score,Toxicity_Prediction,Hydrophobicity,Steric_hinderance,Sidebulk,Amphipathicity,Hydrophilicity,Net_Hydrogen
QEKNFTTAPAICHDGKAHFPREGVFVSNGTHWFVTQRNFYEPQIITTDNTFVSGNCDVVIGIVNNTVYDPLQPELDS,6vxx,A,1071,1147,77,0.88,8642.443,4.764,0.117,31.83,0.312,0.26,0.117,8480,8605,-0.351,-4.985,0.3576,Probable Non-Antigen,Allergen,,,,,
FASTEKSNIIRGWIFGTTLDSKTQSLLIVNNATNVVIKVCEFQFCNDPFLGVNCTFEYVSFKNLREF,6vxx,A,92,192,67,0.788,7659.682,6.308,0.149,29.512,0.388,0.239,0.164,6990,7115,0.148,-0.261,0.3666,Probable Non-Antigen,Allergen,,,,,
RFPNITNLCPFGEVFNATRFASVYAWNRKRISNCVAD,6vxx,A,328,364,37,0.767,4278.83,9.498,0.162,42.519,0.324,0.27,0.162,6990,7115,-0.173,2.745,0.4024,Probable Non-Antigen,Allergen,-0.89,Non-Toxin,-0.16,0.64,0.64,0.40,-0.21,0.97
VIAWNSNNLDSKGNYNYLYRKPFERDIYFPLQSYGFQPTNVGYQPYRVVVLSFELLHAPATVCGPKKSTNLVKNK,6vxx,A,433,537,75,0.765,8673.781,9.519,0.16,27.284,0.373,0.307,0.16,15930,15930,-0.477,4.806,0.6701,Probable Antigen,Allergen,,,,,
TRFQTLLALHAAYYV,6vxx,A,236,267,15,0.757,1767.035,8.285,0.2,17.56,0.467,0.0,0.4,2980,2980,0.573,0.483,0.4165,Probable Non-Antigen,Allergen,-1.09,Non-Toxin,0.02,0.56,0.56,0.34,-0.91,0.73
VTWFHAIHDNPVLPF,6vxx,A,62,86,15,0.735,1793.031,5.966,0.2,38.48,0.467,0.2,0.133,5500,5500,0.393,-1.091,0.3132,Probable Non-Antigen,Allergen,-1.06,Non-Toxin,0.11,0.52,0.52,0.19,-0.91,0.47
CFTNVYADSFVIRGDEVRQIAPGQTGKIADYNYKLPDDFT,6vxx,A,391,430,40,0.72,4528.96,4.461,0.15,10.66,0.325,0.2,0.125,4470,4470,-0.42,-2.246,0.6436,Probable Antigen,Allergen,-0.84,Non-Toxin,-0.15,0.65,0.65,0.40,0.03,0.82
TESNKKFLPFQQ,6vxx,A,553,564,12,0.721,1466.636,8.257,0.167,109.15,0.25,0.25,0.167,0,0,-1.292,0.399,0.7903,Probable Antigen,Allergen,-0.89,Non-Toxin,-0.30,0.63,0.63,0.93,0.23,1.08
SKHTPINLVRDLPQG,6vxx,A,205,219,15,0.703,1674.899,8.487,0.0,29.987,0.267,0.333,0.133,0,0,-0.727,0.547,0.1835,Probable Non-Antigen,Allergen,-0.96,Non-Toxin,-0.23,0.57,0.57,0.59,0.13,0.93
