pdb_id,chain,start,end,peptide,nr_of_residues,score
6vxx,A,1071,1147,QEKNFTTAPAICHDGKAHFPREGVFVSNGTHWFVTQRNFYEPQIITTDNTFVSGNCDVVIGIVNNTVYDPLQPELDS,77,0.88
6vxx,A,92,192,FASTEKSNIIRGWIFGTTLDSKTQSLLIVNNATNVVIKVCEFQFCNDPFLGVNCTFEYVSFKNLREF,67,0.788
6vxx,A,328,364,RFPNITNLCPFGEVFNATRFASVYAWNRKRISNCVAD,37,0.767
6vxx,A,433,537,VIAWNSNNLDSKGNYNYLYRKPFERDIYFPLQSYGFQPTNVGYQPYRVVVLSFELLHAPATVCGPKKSTNLVKNK,75,0.765
6vxx,A,236,267,TRFQTLLALHAAYYV,15,0.757
6vxx,A,62,86,VTWFHAIHDNPVLPF,15,0.735
6vxx,A,391,430,CFTNVYADSFVIRGDEVRQIAPGQTGKIADYNYKLPDDFT,40,0.72
6vxx,A,553,564,TESNKKFLPFQQ,12,0.721
6vxx,A,205,219,SKHTPINLVRDLPQG,15,0.703
